,date,SNEER
0,2000-01-07,100.05
1,2000-01-14,99.78
2,2000-01-21,99.48
3,2000-01-28,98.84
4,2000-02-04,99.23
5,2000-02-11,99.23
6,2000-02-18,99.03
7,2000-02-25,98.77
8,2000-03-03,98.36
9,2000-03-10,98.43
10,2000-03-17,98.52
11,2000-03-24,98.35
12,2000-03-31,98.24
13,2000-04-07,98.43
14,2000-04-14,98.44
15,2000-04-21,99.48
16,2000-04-28,99.83
17,2000-05-05,99.59
18,2000-05-12,99.62
19,2000-05-19,99.72
20,2000-05-26,99.52
21,2000-06-02,99.33
22,2000-06-09,99.35
23,2000-06-16,99.18
24,2000-06-23,98.64
25,2000-06-30,98.74
26,2000-07-07,99.04
27,2000-07-14,99.08
28,2000-07-21,98.98
29,2000-07-28,99.3
30,2000-08-04,100.2
31,2000-08-11,100.53
32,2000-08-18,100.49
33,2000-08-25,100.57
34,2000-09-01,100.51
35,2000-09-08,100.27
36,2000-09-15,100.31
37,2000-09-22,100.45
38,2000-09-29,100.21
39,2000-10-06,100.37
40,2000-10-13,100.28
41,2000-10-20,100.79
42,2000-10-27,101.1
43,2000-11-03,101.5
44,2000-11-10,101.74
45,2000-11-17,101.53
46,2000-11-24,101.61
47,2000-12-01,101.62
48,2000-12-08,101.87
49,2000-12-15,102.24
50,2000-12-22,102.07
51,2000-12-29,102.31
52,2001-01-05,101.94
53,2001-01-12,102.14
54,2001-01-19,102.28
55,2001-01-26,101.81
56,2001-02-02,101.58
57,2001-02-09,101.58
58,2001-02-16,101.79
59,2001-02-23,102.16
60,2001-03-02,102.16
61,2001-03-09,101.76
62,2001-03-16,102.02
63,2001-03-23,101.94
64,2001-03-30,101.2
65,2001-04-06,100.71
66,2001-04-13,100.72
67,2001-04-20,100.93
68,2001-04-27,100.73
69,2001-05-04,100.07
70,2001-05-11,100.04
71,2001-05-18,100.7
72,2001-05-25,101.17
73,2001-06-01,101.15
74,2001-06-08,101.08
75,2001-06-15,101.02
76,2001-06-22,100.98
77,2001-06-29,100.98
78,2001-07-06,101.04
79,2001-07-13,100.5
80,2001-07-20,100.57
81,2001-07-27,100.77
82,2001-08-03,101.39
83,2001-08-10,102.13
84,2001-08-17,102.3
85,2001-08-24,101.97
86,2001-08-31,102.46
87,2001-09-07,102.85
88,2001-09-14,103.04
89,2001-09-21,103.16
90,2001-09-28,102.05
91,2001-10-05,101.68
92,2001-10-12,99.99
93,2001-10-19,99.62
94,2001-10-26,99.48
95,2001-11-02,99.41
96,2001-11-09,99.74
97,2001-11-16,99.33
98,2001-11-23,99.04
99,2001-11-30,99.21
100,2001-12-07,99.07
101,2001-12-14,99.15
102,2001-12-21,99.07
103,2001-12-28,99.22
104,2002-01-04,99.0
105,2002-01-11,99.18
106,2002-01-18,99.95
107,2002-01-25,99.97
108,2002-02-01,100.38
109,2002-02-08,100.37
110,2002-02-15,100.41
111,2002-02-22,100.39
112,2002-03-01,100.31
113,2002-03-08,100.16
114,2002-03-15,100.1
115,2002-03-22,99.93
116,2002-03-29,99.24
117,2002-04-05,99.12
118,2002-04-12,99.22
119,2002-04-19,99.29
120,2002-04-26,99.69
121,2002-05-03,99.7
122,2002-05-10,99.61
123,2002-05-17,99.72
124,2002-05-24,99.5
125,2002-05-31,99.34
126,2002-06-07,99.07
127,2002-06-14,99.19
128,2002-06-21,99.11
129,2002-06-28,99.31
130,2002-07-05,99.2
131,2002-07-12,99.69
132,2002-07-19,100.13
133,2002-07-26,100.1
134,2002-08-02,99.95
135,2002-08-09,100.01
136,2002-08-16,100.31
137,2002-08-23,100.52
138,2002-08-30,100.43
139,2002-09-06,100.44
140,2002-09-13,100.31
141,2002-09-20,99.71
142,2002-09-27,99.57
143,2002-10-04,99.32
144,2002-10-11,99.15
145,2002-10-18,99.23
146,2002-10-25,99.91
147,2002-11-01,100.12
148,2002-11-08,100.19
149,2002-11-15,99.79
150,2002-11-22,99.77
151,2002-11-29,99.98
152,2002-12-06,99.93
153,2002-12-13,100.05
154,2002-12-20,100.48
155,2002-12-27,100.74
156,2003-01-03,100.57
157,2003-01-10,100.31
158,2003-01-17,100.26
159,2003-01-24,100.19
160,2003-01-31,100.05
161,2003-02-07,99.71
162,2003-02-14,99.2
163,2003-02-21,99.44
164,2003-02-28,99.87
165,2003-03-07,99.74
166,2003-03-14,99.4
167,2003-03-21,98.9
168,2003-03-28,98.74
169,2003-04-04,98.32
170,2003-04-11,97.89
171,2003-04-18,97.8
172,2003-04-25,97.5
173,2003-05-02,97.44
174,2003-05-09,98.26
175,2003-05-16,98.74
176,2003-05-23,98.67
177,2003-05-30,98.51
178,2003-06-06,98.67
179,2003-06-13,98.09
180,2003-06-20,98.13
181,2003-06-27,97.66
182,2003-07-04,97.04
183,2003-07-11,97.2
184,2003-07-18,97.24
185,2003-07-25,97.56
186,2003-08-01,97.57
187,2003-08-08,97.51
188,2003-08-15,97.75
189,2003-08-22,98.24
190,2003-08-29,98.06
191,2003-09-05,97.72
192,2003-09-12,97.52
193,2003-09-19,97.39
194,2003-09-26,97.47
195,2003-10-03,97.39
196,2003-10-10,97.22
197,2003-10-17,96.78
198,2003-10-24,96.48
199,2003-10-31,96.54
200,2003-11-07,96.61
201,2003-11-14,97.0
202,2003-11-21,97.46
203,2003-11-28,97.31
204,2003-12-05,97.25
205,2003-12-12,97.36
206,2003-12-19,97.46
207,2003-12-26,97.46
208,2004-01-02,97.54
209,2004-01-09,97.27
210,2004-01-16,97.26
211,2004-01-23,96.98
212,2004-01-30,97.35
213,2004-02-06,97.47
214,2004-02-13,98.08
215,2004-02-20,97.92
216,2004-02-27,97.55
217,2004-03-05,97.26
218,2004-03-12,97.36
219,2004-03-19,97.83
220,2004-03-26,98.16
221,2004-04-02,98.49
222,2004-04-09,98.61
223,2004-04-16,99.24
224,2004-04-23,98.76
225,2004-04-30,98.38
226,2004-05-07,98.7
227,2004-05-14,98.19
228,2004-05-21,98.16
229,2004-05-28,98.43
230,2004-06-04,98.56
231,2004-06-11,98.28
232,2004-06-18,98.12
233,2004-06-25,98.0
234,2004-07-02,98.0
235,2004-07-09,97.75
236,2004-07-16,98.08
237,2004-07-23,97.89
238,2004-07-30,97.77
239,2004-08-06,97.94
240,2004-08-13,98.09
241,2004-08-20,98.05
242,2004-08-27,98.35
243,2004-09-03,98.59
244,2004-09-10,99.0
245,2004-09-17,99.29
246,2004-09-24,99.28
247,2004-10-01,99.32
248,2004-10-08,99.51
249,2004-10-15,99.57
250,2004-10-22,99.77
251,2004-10-29,99.84
252,2004-11-05,99.71
253,2004-11-12,99.88
254,2004-11-19,99.68
255,2004-11-26,99.55
256,2004-12-03,99.59
257,2004-12-10,99.4
258,2004-12-17,99.54
259,2004-12-24,99.55
260,2004-12-31,99.64
261,2005-01-07,99.48
262,2005-01-14,99.8
263,2005-01-21,99.88
264,2005-01-28,99.86
265,2005-02-04,99.78
266,2005-02-11,99.43
267,2005-02-18,99.61
268,2005-02-25,99.88
269,2005-03-04,100.08
270,2005-03-11,100.2
271,2005-03-18,100.19
272,2005-03-25,99.77
273,2005-04-01,99.51
274,2005-04-08,99.14
275,2005-04-15,99.54
276,2005-04-22,99.46
277,2005-04-29,99.63
278,2005-05-06,99.96
279,2005-05-13,99.59
280,2005-05-20,99.51
281,2005-05-27,99.6
282,2005-06-03,99.36
283,2005-06-10,99.47
284,2005-06-17,99.25
285,2005-06-24,99.32
286,2005-07-01,99.08
287,2005-07-08,98.91
288,2005-07-15,99.11
289,2005-07-22,99.52
290,2005-07-29,100.16
291,2005-08-05,100.38
292,2005-08-12,100.37
293,2005-08-19,99.94
294,2005-08-26,99.7
295,2005-09-02,99.32
296,2005-09-09,99.15
297,2005-09-16,99.12
298,2005-09-23,99.26
299,2005-09-30,99.18
300,2005-10-07,99.16
301,2005-10-14,99.29
302,2005-10-21,99.22
303,2005-10-28,99.25
304,2005-11-04,99.18
305,2005-11-11,99.25
306,2005-11-18,99.3
307,2005-11-25,99.65
308,2005-12-02,99.83
309,2005-12-09,100.12
310,2005-12-16,100.31
311,2005-12-23,100.73
312,2005-12-30,100.94
313,2006-01-06,101.1
314,2006-01-13,101.49
315,2006-01-20,101.6
316,2006-01-27,101.91
317,2006-02-03,101.62
318,2006-02-10,101.81
319,2006-02-17,101.75
320,2006-02-24,101.92
321,2006-03-03,102.05
322,2006-03-10,101.79
323,2006-03-17,102.05
324,2006-03-24,102.21
325,2006-03-31,102.16
326,2006-04-07,102.28
327,2006-04-14,102.29
328,2006-04-21,102.54
329,2006-04-28,102.61
330,2006-05-05,102.64
331,2006-05-12,102.75
332,2006-05-19,102.49
333,2006-05-26,102.76
334,2006-06-02,102.99
335,2006-06-09,102.95
336,2006-06-16,102.92
337,2006-06-23,102.96
338,2006-06-30,102.96
339,2006-07-07,103.07
340,2006-07-14,103.24
341,2006-07-21,103.23
342,2006-07-28,103.29
343,2006-08-04,103.28
344,2006-08-11,103.45
345,2006-08-18,103.44
346,2006-08-25,103.58
347,2006-09-01,103.7
348,2006-09-08,103.75
349,2006-09-15,103.54
350,2006-09-22,103.01
351,2006-09-29,102.98
352,2006-10-06,103.22
353,2006-10-13,103.35
354,2006-10-20,103.74
355,2006-10-27,103.97
356,2006-11-03,104.02
357,2006-11-10,103.89
358,2006-11-17,104.16
359,2006-11-24,104.16
360,2006-12-01,104.01
361,2006-12-08,103.75
362,2006-12-15,103.91
363,2006-12-22,104.09
364,2006-12-29,104.4
365,2007-01-05,104.41
366,2007-01-12,104.43
367,2007-01-19,104.45
368,2007-01-26,104.5
369,2007-02-02,104.63
370,2007-02-09,104.7
371,2007-02-16,104.44
372,2007-02-23,104.55
373,2007-03-02,104.77
374,2007-03-09,104.84
375,2007-03-16,104.56
376,2007-03-23,104.69
377,2007-03-30,104.88
378,2007-04-06,104.91
379,2007-04-13,104.75
380,2007-04-20,104.68
381,2007-04-27,104.45
382,2007-05-04,103.99
383,2007-05-11,104.17
384,2007-05-18,103.83
385,2007-05-25,103.31
386,2007-06-01,103.3
387,2007-06-08,103.09
388,2007-06-15,103.04
389,2007-06-22,103.05
390,2007-06-29,103.2
391,2007-07-06,103.66
392,2007-07-13,103.78
393,2007-07-20,103.63
394,2007-07-27,103.89
395,2007-08-03,103.79
396,2007-08-10,103.91
397,2007-08-17,103.66
398,2007-08-24,103.9
399,2007-08-31,103.89
400,2007-09-07,103.67
401,2007-09-14,103.84
402,2007-09-21,103.99
403,2007-09-28,104.34
404,2007-10-05,105.22
405,2007-10-12,105.92
406,2007-10-19,106.04
407,2007-10-26,106.03
408,2007-11-02,106.29
409,2007-11-09,106.33
410,2007-11-16,106.17
411,2007-11-23,106.37
412,2007-11-30,106.51
413,2007-12-07,106.34
414,2007-12-14,106.58
415,2007-12-21,106.16
416,2007-12-28,106.58
417,2008-01-04,106.87
418,2008-01-11,106.85
419,2008-01-18,106.62
420,2008-01-25,106.43
421,2008-02-01,107.08
422,2008-02-08,107.17
423,2008-02-15,107.24
424,2008-02-22,107.29
425,2008-02-29,107.4
426,2008-03-07,107.42
427,2008-03-14,107.6
428,2008-03-21,107.44
429,2008-03-28,107.57
430,2008-04-04,107.75
431,2008-04-11,108.37
432,2008-04-18,109.54
433,2008-04-25,109.79
434,2008-05-02,109.72
435,2008-05-09,109.77
436,2008-05-16,109.58
437,2008-05-23,109.96
438,2008-05-30,110.04
439,2008-06-06,110.15
440,2008-06-13,110.02
441,2008-06-20,110.26
442,2008-06-27,110.34
443,2008-07-04,110.48
444,2008-07-11,110.38
445,2008-07-18,110.59
446,2008-07-25,110.43
447,2008-08-01,110.04
448,2008-08-08,109.53
449,2008-08-15,108.73
450,2008-08-22,108.83
451,2008-08-29,108.79
452,2008-09-05,108.65
453,2008-09-12,109.03
454,2008-09-19,108.81
455,2008-09-26,109.01
456,2008-10-03,108.93
457,2008-10-10,107.98
458,2008-10-17,107.82
459,2008-10-24,107.51
460,2008-10-31,108.54
461,2008-11-07,108.97
462,2008-11-14,108.1
463,2008-11-21,107.42
464,2008-11-28,108.04
465,2008-12-05,107.43
466,2008-12-12,107.71
467,2008-12-19,108.35
468,2008-12-26,109.36
469,2009-01-02,109.53
470,2009-01-09,107.89
471,2009-01-16,107.61
472,2009-01-23,107.6
473,2009-01-30,107.28
474,2009-02-06,107.5
475,2009-02-13,107.78
476,2009-02-20,107.54
477,2009-02-27,107.82
478,2009-03-06,107.43
479,2009-03-13,107.71
480,2009-03-20,107.42
481,2009-03-27,107.41
482,2009-04-03,107.42
483,2009-04-10,107.43
484,2009-04-17,107.7
485,2009-04-24,107.98
486,2009-05-01,108.25
487,2009-05-08,108.63
488,2009-05-15,108.55
489,2009-05-22,108.29
490,2009-05-29,108.53
491,2009-06-05,108.46
492,2009-06-12,108.21
493,2009-06-19,108.18
494,2009-06-26,108.14
495,2009-07-03,108.3
496,2009-07-10,107.88
497,2009-07-17,107.85
498,2009-07-24,108.46
499,2009-07-31,108.38
500,2009-08-07,108.29
501,2009-08-14,108.14
502,2009-08-21,108.0
503,2009-08-28,108.23
504,2009-09-04,108.15
505,2009-09-11,108.54
506,2009-09-18,108.58
507,2009-09-25,108.6
508,2009-10-02,108.48
509,2009-10-09,108.91
510,2009-10-16,109.09
511,2009-10-23,109.07
512,2009-10-30,109.23
513,2009-11-06,109.2
514,2009-11-13,109.22
515,2009-11-20,109.18
516,2009-11-27,109.28
517,2009-12-04,109.24
518,2009-12-11,109.22
519,2009-12-18,109.28
520,2009-12-25,109.16
521,2010-01-01,109.24
522,2010-01-08,109.29
523,2010-01-15,109.28
524,2010-01-22,109.14
525,2010-01-29,109.03
526,2010-02-05,108.71
527,2010-02-12,108.72
528,2010-02-19,109.27
529,2010-02-26,109.3
530,2010-03-05,109.38
531,2010-03-12,109.39
532,2010-03-19,109.41
533,2010-03-26,109.3
534,2010-04-02,109.42
535,2010-04-09,109.39
536,2010-04-16,110.09
537,2010-04-23,110.88
538,2010-04-30,111.42
539,2010-05-07,111.1
540,2010-05-14,111.49
541,2010-05-21,111.11
542,2010-05-28,110.94
543,2010-06-04,111.11
544,2010-06-11,111.16
545,2010-06-18,111.66
546,2010-06-25,111.59
547,2010-07-02,110.98
548,2010-07-09,110.9
549,2010-07-16,111.35
550,2010-07-23,111.34
551,2010-07-30,111.75
552,2010-08-06,111.83
553,2010-08-13,111.6
554,2010-08-20,111.94
555,2010-08-27,111.98
556,2010-09-03,112.25
557,2010-09-10,112.37
558,2010-09-17,112.51
559,2010-09-24,112.55
560,2010-10-01,112.62
561,2010-10-08,112.64
562,2010-10-15,112.81
563,2010-10-22,112.96
564,2010-10-29,113.41
565,2010-11-05,113.71
566,2010-11-12,113.87
567,2010-11-19,113.77
568,2010-11-26,113.5
569,2010-12-03,113.66
570,2010-12-10,113.57
571,2010-12-17,113.53
572,2010-12-24,113.63
573,2010-12-31,114.27
574,2011-01-07,114.44
575,2011-01-14,114.51
576,2011-01-21,114.54
577,2011-01-28,114.77
578,2011-02-04,114.8
579,2011-02-11,114.89
580,2011-02-18,114.97
581,2011-02-25,114.82
582,2011-03-04,115.09
583,2011-03-11,115.13
584,2011-03-18,114.49
585,2011-03-25,114.99
586,2011-04-01,115.36
587,2011-04-08,115.32
588,2011-04-15,115.61
589,2011-04-22,116.3
590,2011-04-29,116.45
591,2011-05-06,116.21
592,2011-05-13,116.38
593,2011-05-20,116.31
594,2011-05-27,116.34
595,2011-06-03,116.64
596,2011-06-10,116.56
597,2011-06-17,116.68
598,2011-06-24,116.81
599,2011-07-01,116.89
600,2011-07-08,117.34
601,2011-07-15,117.8
602,2011-07-22,118.05
603,2011-07-29,118.19
604,2011-08-05,118.06
605,2011-08-12,118.03
606,2011-08-19,118.11
607,2011-08-26,118.21
608,2011-09-02,118.27
609,2011-09-09,118.32
610,2011-09-16,116.7
611,2011-09-23,114.57
612,2011-09-30,113.6
613,2011-10-07,113.0
614,2011-10-14,114.22
615,2011-10-21,114.8
616,2011-10-28,115.0
617,2011-11-04,114.88
618,2011-11-11,113.82
619,2011-11-18,113.26
620,2011-11-25,112.83
621,2011-12-02,113.74
622,2011-12-09,113.88
623,2011-12-16,113.34
624,2011-12-23,113.8
625,2011-12-30,113.71
626,2012-01-06,114.17
627,2012-01-13,114.24
628,2012-01-20,114.83
629,2012-01-27,115.93
630,2012-02-03,116.1
631,2012-02-10,116.32
632,2012-02-17,115.52
633,2012-02-24,116.09
634,2012-03-02,116.25
635,2012-03-09,116.29
636,2012-03-16,116.55
637,2012-03-23,116.59
638,2012-03-30,116.73
639,2012-04-06,116.85
640,2012-04-13,116.89
641,2012-04-20,117.38
642,2012-04-27,117.79
643,2012-05-04,117.98
644,2012-05-11,117.64
645,2012-05-18,117.09
646,2012-05-25,116.61
647,2012-06-01,116.54
648,2012-06-08,116.4
649,2012-06-15,116.6
650,2012-06-22,117.15
651,2012-06-29,116.89
652,2012-07-06,117.57
653,2012-07-13,117.87
654,2012-07-20,118.39
655,2012-07-27,118.84
656,2012-08-03,119.3
657,2012-08-10,119.32
658,2012-08-17,119.04
659,2012-08-24,118.68
660,2012-08-31,118.44
661,2012-09-07,118.88
662,2012-09-14,119.52
663,2012-09-21,119.57
664,2012-09-28,119.34
665,2012-10-05,119.14
666,2012-10-12,119.39
667,2012-10-19,119.9
668,2012-10-26,119.92
669,2012-11-02,119.99
670,2012-11-09,119.99
671,2012-11-16,120.01
672,2012-11-23,120.1
673,2012-11-30,120.14
674,2012-12-07,120.22
675,2012-12-14,120.21
676,2012-12-21,120.3
677,2012-12-28,120.37
678,2013-01-04,120.34
679,2013-01-11,119.99
680,2013-01-18,119.92
681,2013-01-25,119.87
682,2013-02-01,119.5
683,2013-02-08,119.92
684,2013-02-15,120.22
685,2013-02-22,120.37
686,2013-03-01,120.52
687,2013-03-08,120.06
688,2013-03-15,120.23
689,2013-03-22,119.99
690,2013-03-29,120.53
691,2013-04-05,120.87
692,2013-04-12,121.05
693,2013-04-19,121.05
694,2013-04-26,120.96
695,2013-05-03,121.07
696,2013-05-10,121.13
697,2013-05-17,120.84
698,2013-05-24,119.9
699,2013-05-31,119.7
700,2013-06-07,120.75
701,2013-06-14,120.15
702,2013-06-21,119.64
703,2013-06-28,120.01
704,2013-07-05,120.25
705,2013-07-12,120.34
706,2013-07-19,120.73
707,2013-07-26,120.5
708,2013-08-02,120.25
709,2013-08-09,120.49
710,2013-08-16,120.5
711,2013-08-23,119.97
712,2013-08-30,120.4
713,2013-09-06,120.87
714,2013-09-13,121.14
715,2013-09-20,121.61
716,2013-09-27,121.52
717,2013-10-04,121.6
718,2013-10-11,121.55
719,2013-10-18,121.88
720,2013-10-25,121.76
721,2013-11-01,121.89
722,2013-11-08,122.18
723,2013-11-15,122.32
724,2013-11-22,122.37
725,2013-11-29,122.29
726,2013-12-06,122.17
727,2013-12-13,122.26
728,2013-12-20,122.01
729,2013-12-27,121.84
730,2014-01-03,121.74
731,2014-01-10,121.6
732,2014-01-17,121.4
733,2014-01-24,121.06
734,2014-01-31,121.36
735,2014-02-07,121.74
736,2014-02-14,121.78
737,2014-02-21,121.69
738,2014-02-28,121.45
739,2014-03-07,121.1
740,2014-03-14,121.06
741,2014-03-21,121.01
742,2014-03-28,121.4
743,2014-04-04,121.78
744,2014-04-11,122.09
745,2014-04-18,122.14
746,2014-04-25,122.09
747,2014-05-02,122.15
748,2014-05-09,122.36
749,2014-05-16,122.23
750,2014-05-23,122.06
751,2014-05-30,122.05
752,2014-06-06,122.19
753,2014-06-13,122.46
754,2014-06-20,122.54
755,2014-06-27,122.59
756,2014-07-04,122.44
757,2014-07-11,122.6
758,2014-07-18,122.91
759,2014-07-25,122.94
760,2014-08-01,122.8
761,2014-08-08,122.72
762,2014-08-15,122.57
763,2014-08-22,122.63
764,2014-08-29,122.7
765,2014-09-05,122.74
766,2014-09-12,122.61
767,2014-09-19,122.88
768,2014-09-26,123.04
769,2014-10-03,123.15
770,2014-10-10,122.97
771,2014-10-17,122.9
772,2014-10-24,122.8
773,2014-10-31,122.81
774,2014-11-07,122.78
775,2014-11-14,123.03
776,2014-11-21,122.71
777,2014-11-28,122.76
778,2014-12-05,122.78
779,2014-12-12,122.84
780,2014-12-19,123.41
781,2014-12-26,122.94
782,2015-01-02,122.8
783,2015-01-09,122.62
784,2015-01-16,122.65
785,2015-01-23,122.79
786,2015-01-30,122.3
787,2015-02-06,122.01
788,2015-02-13,121.61
789,2015-02-20,121.55
790,2015-02-27,121.71
791,2015-03-06,121.51
792,2015-03-13,121.31
793,2015-03-20,121.1
794,2015-03-27,121.6
795,2015-04-03,122.07
796,2015-04-10,122.71
797,2015-04-17,123.02
798,2015-04-24,123.5
799,2015-05-01,124.54
800,2015-05-08,124.14
801,2015-05-15,124.21
802,2015-05-22,124.17
803,2015-05-29,123.91
804,2015-06-05,123.95
805,2015-06-12,123.96
806,2015-06-19,124.51
807,2015-06-26,124.71
808,2015-07-03,124.31
809,2015-07-10,124.38
810,2015-07-17,123.89
811,2015-07-24,123.67
812,2015-07-31,123.67
813,2015-08-07,123.11
814,2015-08-14,122.45
815,2015-08-21,122.7
816,2015-08-28,122.85
817,2015-09-04,122.26
818,2015-09-11,122.46
819,2015-09-18,123.57
820,2015-09-25,122.71
821,2015-10-02,122.32
822,2015-10-09,122.01
823,2015-10-16,123.03
824,2015-10-23,123.72
825,2015-10-30,123.67
826,2015-11-06,123.47
827,2015-11-13,122.97
828,2015-11-20,123.25
829,2015-11-27,123.5
830,2015-12-04,123.87
831,2015-12-11,123.94
832,2015-12-18,123.88
833,2015-12-25,124.0
834,2016-01-01,123.52
835,2016-01-08,122.68
836,2016-01-15,122.38
837,2016-01-22,122.51
838,2016-01-29,122.71
839,2016-02-05,122.92
840,2016-02-12,123.78
841,2016-02-19,123.14
842,2016-02-26,123.5
843,2016-03-04,123.98
844,2016-03-11,124.34
845,2016-03-18,124.79
846,2016-03-25,124.83
847,2016-04-01,125.05
848,2016-04-08,124.85
849,2016-04-15,124.52
850,2016-04-22,124.97
851,2016-04-29,125.09
852,2016-05-06,124.6
853,2016-05-13,124.08
854,2016-05-20,124.16
855,2016-05-27,124.3
856,2016-06-03,124.7
857,2016-06-10,125.35
858,2016-06-17,125.82
859,2016-06-24,126.09
860,2016-07-01,126.07
861,2016-07-08,126.13
862,2016-07-15,126.15
863,2016-07-22,126.06
864,2016-07-29,125.95
865,2016-08-05,126.17
866,2016-08-12,125.78
867,2016-08-19,125.53
868,2016-08-26,124.89
869,2016-09-02,124.76
870,2016-09-09,125.16
871,2016-09-16,124.75
872,2016-09-23,124.9
873,2016-09-30,124.46
874,2016-10-07,124.26
875,2016-10-14,124.25
876,2016-10-21,123.74
877,2016-10-28,123.75
878,2016-11-04,123.81
879,2016-11-11,123.52
880,2016-11-18,123.83
881,2016-11-25,124.01
882,2016-12-02,124.15
883,2016-12-09,124.29
884,2016-12-16,124.06
885,2016-12-23,123.79
886,2016-12-30,123.61
887,2017-01-06,124.0
888,2017-01-13,124.05
889,2017-01-20,124.11
890,2017-01-27,124.13
891,2017-02-03,124.4
892,2017-02-10,124.18
893,2017-02-17,124.08
894,2017-02-24,124.51
895,2017-03-03,125.2
896,2017-03-10,125.09
897,2017-03-17,125.12
898,2017-03-24,125.13
899,2017-03-31,125.26
900,2017-04-07,125.21
901,2017-04-14,125.08
902,2017-04-21,124.95
903,2017-04-28,124.92
904,2017-05-05,124.67
905,2017-05-12,124.19
906,2017-05-19,124.6
907,2017-05-26,124.84
908,2017-06-02,124.83
909,2017-06-09,124.69
910,2017-06-16,124.83
911,2017-06-23,124.73
912,2017-06-30,124.9
913,2017-07-07,125.15
914,2017-07-14,125.2
915,2017-07-21,125.47
916,2017-07-28,125.68
917,2017-08-04,125.48
918,2017-08-11,125.13
919,2017-08-18,125.13
920,2017-08-25,125.12
921,2017-09-01,125.13
922,2017-09-08,125.14
923,2017-09-15,125.33
924,2017-09-22,125.47
925,2017-09-29,125.52
926,2017-10-06,125.35
927,2017-10-13,125.44
928,2017-10-20,125.52
929,2017-10-27,125.4
930,2017-11-03,125.61
931,2017-11-10,125.56
932,2017-11-17,125.57
933,2017-11-24,125.66
934,2017-12-01,125.72
935,2017-12-08,125.67
936,2017-12-15,125.64
937,2017-12-22,125.74
938,2017-12-29,125.84
939,2018-01-05,126.0
940,2018-01-12,125.71
941,2018-01-19,125.59
942,2018-01-26,125.66
943,2018-02-02,125.35
944,2018-02-09,124.82
945,2018-02-16,125.06
946,2018-02-23,125.12
947,2018-03-02,125.14
948,2018-03-09,125.36
949,2018-03-16,125.7
950,2018-03-23,125.53
951,2018-03-30,125.71
952,2018-04-06,125.62
953,2018-04-13,125.74
954,2018-04-20,125.79
955,2018-04-27,125.54
956,2018-05-04,125.63
957,2018-05-11,125.39
958,2018-05-18,125.56
959,2018-05-25,125.68
960,2018-06-01,125.89
961,2018-06-08,126.05
962,2018-06-15,126.18
963,2018-06-22,125.3
964,2018-06-29,125.23
965,2018-07-06,125.45
966,2018-07-13,125.87
967,2018-07-20,125.94
968,2018-07-27,126.2
969,2018-08-03,126.28
970,2018-08-10,126.32
971,2018-08-17,126.28
972,2018-08-24,126.33
973,2018-08-31,126.3
974,2018-09-07,126.01
975,2018-09-14,126.15
976,2018-09-21,126.38
977,2018-09-28,126.73
978,2018-10-05,126.41
979,2018-10-12,126.27
980,2018-10-19,126.53
981,2018-10-26,126.76
982,2018-11-02,126.74
983,2018-11-09,126.85
984,2018-11-16,126.76
985,2018-11-23,126.93
986,2018-11-30,126.94
987,2018-12-07,127.03
988,2018-12-14,127.05
989,2018-12-21,127.06
990,2018-12-28,126.87
991,2019-01-04,127.13
992,2019-01-11,127.26
993,2019-01-18,127.23
994,2019-01-25,127.19
995,2019-02-01,127.29
996,2019-02-08,127.13
997,2019-02-15,127.26
998,2019-02-22,127.37
999,2019-03-01,127.44
1000,2019-03-08,127.27
1001,2019-03-15,127.35
1002,2019-03-22,127.52
1003,2019-03-29,127.45
1004,2019-04-05,127.53
1005,2019-04-12,127.56
1006,2019-04-19,127.61
1007,2019-04-26,127.57
1008,2019-05-03,127.55
1009,2019-05-10,127.6
1010,2019-05-17,127.45
1011,2019-05-24,127.06
1012,2019-05-31,126.96
1013,2019-06-07,127.45
1014,2019-06-14,127.55
1015,2019-06-21,127.67
1016,2019-06-28,127.86
1017,2019-07-05,127.85
1018,2019-07-12,127.82
1019,2019-07-19,127.65
1020,2019-07-26,127.34
1021,2019-08-02,127.14
1022,2019-08-09,126.91
1023,2019-08-16,126.53
1024,2019-08-23,126.88
1025,2019-08-30,126.91
1026,2019-09-06,127.07
1027,2019-09-13,127.4
1028,2019-09-20,127.62
1029,2019-09-27,127.64
1030,2019-10-04,127.53
1031,2019-10-11,127.61
1032,2019-10-18,128.11
1033,2019-10-25,128.27
1034,2019-11-01,128.21
1035,2019-11-08,128.27
1036,2019-11-15,128.3
1037,2019-11-22,128.32
1038,2019-11-29,128.16
1039,2019-12-06,128.18
1040,2019-12-13,128.35
1041,2019-12-20,128.31
1042,2019-12-27,128.38
1043,2020-01-03,128.4
1044,2020-01-10,128.38
1045,2020-01-17,128.41
1046,2020-01-24,128.42
1047,2020-01-31,127.85
1048,2020-02-07,126.56
1049,2020-02-14,125.97
1050,2020-02-21,125.87
1051,2020-02-28,126.05
1052,2020-03-06,126.01
1053,2020-03-13,125.35
1054,2020-03-20,124.89
1055,2020-03-27,125.06
1056,2020-04-03,125.44
1057,2020-04-10,125.61
1058,2020-04-17,125.52
1059,2020-04-24,125.45
1060,2020-05-01,125.77
1061,2020-05-08,125.59
1062,2020-05-15,125.48
1063,2020-05-22,125.38
1064,2020-05-29,125.37
1065,2020-06-05,125.6
1066,2020-06-12,125.8
1067,2020-06-19,125.83
1068,2020-06-26,125.87
1069,2020-07-03,125.78
1070,2020-07-10,125.37
1071,2020-07-17,125.53
1072,2020-07-24,125.51
1073,2020-07-31,125.59
1074,2020-08-07,125.6
1075,2020-08-14,125.68
1076,2020-08-21,125.8
1077,2020-08-28,125.74
1078,2020-09-04,125.68
1079,2020-09-11,125.53
1080,2020-09-18,125.77
1081,2020-09-25,125.63
1082,2020-10-02,125.66
1083,2020-10-09,126.08
1084,2020-10-16,125.94
1085,2020-10-23,125.77
1086,2020-10-30,125.42
1087,2020-11-06,125.45
1088,2020-11-13,125.69
1089,2020-11-20,125.6
1090,2020-11-27,125.66
1091,2020-12-04,125.56
1092,2020-12-11,125.25
1093,2020-12-18,125.52
1094,2020-12-25,125.42
1095,2021-01-01,125.64
