"","date","residual","ub","lb"
"1",2001-12-28,0.260601512437175,0.183580594774109,-0.183580594774109
"2",2002-01-04,0.306197854763964,0.188142109025308,-0.188142109025308
"3",2002-01-11,0.294732331762703,0.191903535576733,-0.191903535576733
"4",2002-01-18,0.231337009188969,0.194233257696931,-0.194233257696931
"5",2002-01-25,0.262445385055396,0.196300017816507,-0.196300017816507
"6",2002-02-01,0.210558727231217,0.198103694726135,-0.198103694726135
"7",2002-02-08,0.246572961584721,0.200460895792702,-0.200460895792702
"8",2002-02-15,0.222421651888035,0.202075852590115,-0.202075852590115
"9",2002-02-22,0.234000311251442,0.204084369910197,-0.204084369910197
"10",2002-03-01,0.282186472180008,0.206525087223675,-0.206525087223675
"11",2002-03-08,0.227856540142062,0.208701920817403,-0.208701920817403
"12",2002-03-15,0.254595978531166,0.210978176659738,-0.210978176659738
"13",2002-03-22,0.363224874623213,0.215145950816765,-0.215145950816765
"14",2002-03-29,0.418018166445668,0.220718442545736,-0.220718442545736
"15",2002-04-05,0.349422182884547,0.224680623801433,-0.224680623801433
"16",2002-04-12,0.364590391050785,0.228915181158367,-0.228915181158367
"17",2002-04-19,0.314617427503513,0.232123937483893,-0.232123937483893
"18",2002-04-26,0.218859361263664,0.233903730630874,-0.233903730630874
"19",2002-05-03,0.207279493335578,0.235308400983622,-0.235308400983622
"20",2002-05-10,0.240500981120451,0.237198338794255,-0.237198338794255
"21",2002-05-17,0.24533856511436,0.239181368286205,-0.239181368286205
"22",2002-05-24,0.250579257618802,0.241097610750365,-0.241097610750365
"23",2002-05-31,0.275167199948739,0.243325066841135,-0.243325066841135
"24",2002-06-07,0.314793177904678,0.246028825649667,-0.246028825649667
"25",2002-06-14,0.247377876819602,0.247465443244222,-0.247465443244222
"26",2002-06-21,0.202504020481418,0.248486937569678,-0.248486937569678
"27",2002-06-28,0.126213987980524,0.248919504774912,-0.248919504774912
"28",2002-07-05,0.129119303811116,0.249318162036705,-0.249318162036705
"29",2002-07-12,-0.0165081634036939,0.249151440286354,-0.249151440286354
"30",2002-07-19,-0.0665120148692243,0.248981377419285,-0.248981377419285
"31",2002-07-26,-0.0880326759453676,0.248992587425848,-0.248992587425848
"32",2002-08-02,-0.15648144710905,0.249118087996115,-0.249118087996115
"33",2002-08-09,-0.0804421416155431,0.248775230148272,-0.248775230148272
"34",2002-08-16,-0.115267014764928,0.248738090162615,-0.248738090162615
"35",2002-08-23,-0.0936813772956719,0.248514712797711,-0.248514712797711
"36",2002-08-30,-0.109273832711904,0.248319345939136,-0.248319345939136
"37",2002-09-06,-0.131401889208074,0.248016393929376,-0.248016393929376
"38",2002-09-13,-0.00654751938791389,0.247558763995207,-0.247558763995207
"39",2002-09-20,-0.0215289549714678,0.246730867201161,-0.246730867201161
"40",2002-09-27,-0.041220462367362,0.245545071118351,-0.245545071118351
"41",2002-10-04,-0.0125485991889708,0.24440638656432,-0.24440638656432
"42",2002-10-11,0.0490196003472355,0.242593918585818,-0.242593918585818
"43",2002-10-18,0.0649240456334388,0.240589746344406,-0.240589746344406
"44",2002-10-25,0.00230244673293961,0.237873869716854,-0.237873869716854
"45",2002-11-01,-0.0508470397971848,0.233268236091397,-0.233268236091397
"46",2002-11-08,-0.0613290545610851,0.229353534007912,-0.229353534007912
"47",2002-11-15,-0.0668992636912764,0.225851435072911,-0.225851435072911
"48",2002-11-22,-0.016082855862454,0.22393008141147,-0.22393008141147
"49",2002-11-29,-0.0456949669512547,0.222036446696349,-0.222036446696349
"50",2002-12-06,-0.0448030131466472,0.21972840620906,-0.21972840620906
"51",2002-12-13,-0.150641116119319,0.217607293450077,-0.217607293450077
"52",2002-12-20,-0.169590839316599,0.216995864355678,-0.216995864355678
"53",2002-12-27,-0.236409942164559,0.216832011027698,-0.216832011027698
"54",2003-01-03,-0.152094489932428,0.216450349534893,-0.216450349534893
"55",2003-01-10,-0.0964004486677842,0.215658586423331,-0.215658586423331
"56",2003-01-17,-0.103801469721607,0.21518973755815,-0.21518973755815
"57",2003-01-24,-0.158025591475416,0.215243994636833,-0.215243994636833
"58",2003-01-31,-0.0961342049060745,0.214894335325582,-0.214894335325582
"59",2003-02-07,-0.0516810744996243,0.214288412593277,-0.214288412593277
"60",2003-02-14,0.00970637638574021,0.212658988474143,-0.212658988474143
"61",2003-02-21,-0.00417717166563178,0.210744811788813,-0.210744811788813
"62",2003-02-28,-0.0040279505076824,0.20939541539356,-0.20939541539356
"63",2003-03-07,0.014242922435958,0.206935604177253,-0.206935604177253
"64",2003-03-14,0.0871852555941145,0.205217359000267,-0.205217359000267
"65",2003-03-21,0.146706275236814,0.20434124133325,-0.20434124133325
"66",2003-03-28,0.164711740591051,0.203766690336714,-0.203766690336714
"67",2003-04-04,0.196719886539945,0.203969892663427,-0.203969892663427
"68",2003-04-11,0.244637476969836,0.204672137856507,-0.204672137856507
"69",2003-04-18,0.210920762342411,0.205331184318646,-0.205331184318646
"70",2003-04-25,0.284272815168904,0.206754879170285,-0.206754879170285
"71",2003-05-02,0.274557057146967,0.208121561709441,-0.208121561709441
"72",2003-05-09,0.155505925882271,0.20841169516014,-0.20841169516014
"73",2003-05-16,0.0979610206110724,0.208504959046836,-0.208504959046836
"74",2003-05-23,0.124446022366955,0.208377522844135,-0.208377522844135
"75",2003-05-30,0.190668353290798,0.208262723999588,-0.208262723999588
"76",2003-06-06,0.165375258107264,0.208572722603938,-0.208572722603938
"77",2003-06-13,0.191183311314908,0.209073697434203,-0.209073697434203
"78",2003-06-20,0.238168138505888,0.209917341166426,-0.209917341166426
"79",2003-06-27,0.325268936701607,0.211618191682766,-0.211618191682766
"80",2003-07-04,0.322805439673171,0.21325407585694,-0.21325407585694
"81",2003-07-11,0.309177061519016,0.214732754426785,-0.214732754426785
"82",2003-07-18,0.316077224043191,0.215751910739878,-0.215751910739878
"83",2003-07-25,0.261494807504759,0.214764393588478,-0.214764393588478
"84",2003-08-01,0.309942301702568,0.213483303689468,-0.213483303689468
"85",2003-08-08,0.307380165732023,0.210064866374923,-0.210064866374923
"86",2003-08-15,0.302625417933261,0.207585993134806,-0.207585993134806
"87",2003-08-22,0.256733823644364,0.20453908311992,-0.20453908311992
"88",2003-08-29,0.306432544021911,0.200569385491145,-0.200569385491145
"89",2003-09-05,0.338397276209409,0.195468627172236,-0.195468627172236
"90",2003-09-12,0.370846848277869,0.188206048088935,-0.188206048088935
"91",2003-09-19,0.328702859376611,0.176317686294855,-0.176317686294855
"92",2003-09-26,0.265705725635979,0.167849755518954,-0.167849755518954
"93",2003-10-03,0.274214156699028,0.164581191185226,-0.164581191185226
"94",2003-10-10,0.305603618719638,0.164460745602357,-0.164460745602357
"95",2003-10-17,0.332105143770121,0.165116813835182,-0.165116813835182
"96",2003-10-24,0.373647031850676,0.166119462030022,-0.166119462030022
"97",2003-10-31,0.375642699080966,0.167066860245394,-0.167066860245394
"98",2003-11-07,0.382837255153224,0.168266767337501,-0.168266767337501
"99",2003-11-14,0.301626602481223,0.168945091604932,-0.168945091604932
"100",2003-11-21,0.326481947668203,0.169765389882604,-0.169765389882604
"101",2003-11-28,0.340592433932291,0.170752608653652,-0.170752608653652
"102",2003-12-05,0.310469245986945,0.171455543487168,-0.171455543487168
"103",2003-12-12,0.299502079768192,0.171903060916744,-0.171903060916744
"104",2003-12-19,0.272982781234453,0.172287267759826,-0.172287267759826
"105",2003-12-26,0.267724076811465,0.172331589751437,-0.172331589751437
"106",2004-01-02,0.276541918477203,0.172101280841482,-0.172101280841482
"107",2004-01-09,0.287605840925554,0.17204589998641,-0.17204589998641
"108",2004-01-16,0.324777652922726,0.172699588130618,-0.172699588130618
"109",2004-01-23,0.286869515348179,0.172864604919888,-0.172864604919888
"110",2004-01-30,0.242276747461899,0.172992336641416,-0.172992336641416
"111",2004-02-06,0.22119556380134,0.172879549515758,-0.172879549515758
"112",2004-02-13,0.201857586106028,0.172812968968129,-0.172812968968129
"113",2004-02-20,0.28921991745352,0.17314442480063,-0.17314442480063
"114",2004-02-27,0.292574649109873,0.173221530479598,-0.173221530479598
"115",2004-03-05,0.370630341729601,0.174366279504234,-0.174366279504234
"116",2004-03-12,0.316680266439245,0.174811427802784,-0.174811427802784
"117",2004-03-19,0.184836699443813,0.173639532278063,-0.173639532278063
"118",2004-03-26,0.16267789950823,0.171682694138523,-0.171682694138523
"119",2004-04-02,0.0875093182908926,0.170689008338278,-0.170689008338278
"120",2004-04-09,0.136131888354808,0.169369518882305,-0.169369518882305
"121",2004-04-16,0.0819666921948889,0.168684034187562,-0.168684034187562
"122",2004-04-23,0.158524908083412,0.168534281629719,-0.168534281629719
"123",2004-04-30,0.170871737338913,0.168442070955924,-0.168442070955924
"124",2004-05-07,0.129715535923253,0.168182019629264,-0.168182019629264
"125",2004-05-14,0.20777937931129,0.168002271362449,-0.168002271362449
"126",2004-05-21,0.143617272145349,0.167667582045546,-0.167667582045546
"127",2004-05-28,0.0944265469064034,0.167215127702355,-0.167215127702355
"128",2004-06-04,0.0898202684287574,0.166394975724988,-0.166394975724988
"129",2004-06-11,0.114976459384276,0.166060732227062,-0.166060732227062
"130",2004-06-18,0.077830777711236,0.166035591857206,-0.166035591857206
"131",2004-06-25,0.0698939818331169,0.166160011660097,-0.166160011660097
"132",2004-07-02,0.139582162001944,0.166159230832216,-0.166159230832216
"133",2004-07-09,0.0896659808050581,0.165540119135747,-0.165540119135747
"134",2004-07-16,0.106795178610232,0.164342596221751,-0.164342596221751
"135",2004-07-23,0.192668883060603,0.162886863147753,-0.162886863147753
"136",2004-07-30,0.140450256942742,0.160200976393504,-0.160200976393504
"137",2004-08-06,0.143447026910241,0.15865356788932,-0.15865356788932
"138",2004-08-13,0.120676463452491,0.156553277191872,-0.156553277191872
"139",2004-08-20,0.109750242970146,0.154760574444281,-0.154760574444281
"140",2004-08-27,0.075511628892461,0.152799870718457,-0.152799870718457
"141",2004-09-03,0.0135509615480289,0.150837514655583,-0.150837514655583
"142",2004-09-10,-0.0164128607219486,0.15094218824618,-0.15094218824618
"143",2004-09-17,-0.0435105639088203,0.15120464012809,-0.15120464012809
"144",2004-09-24,0.00312354523480171,0.15071290043375,-0.15071290043375
"145",2004-10-01,-0.00980399026731682,0.150683764246636,-0.150683764246636
"146",2004-10-08,0.00744275705950849,0.151018738858119,-0.151018738858119
"147",2004-10-15,-0.0308287317190247,0.151851821569295,-0.151851821569295
"148",2004-10-22,-0.091604506004306,0.153027020473983,-0.153027020473983
"149",2004-10-29,-0.0880556411568098,0.153547053651447,-0.153547053651447
"150",2004-11-05,-0.0941362958804811,0.154020546697959,-0.154020546697959
"151",2004-11-12,-0.054213432593794,0.153851458578056,-0.153851458578056
"152",2004-11-19,-0.0538165266993441,0.154292789607589,-0.154292789607589
"153",2004-11-26,-0.0736575541476933,0.154661880541958,-0.154661880541958
"154",2004-12-03,-0.125331107744046,0.155844731575729,-0.155844731575729
"155",2004-12-10,-0.0772435831320086,0.15463413347743,-0.15463413347743
"156",2004-12-17,-0.094577698839026,0.15329746406401,-0.15329746406401
"157",2004-12-24,-0.0893899822309258,0.15034089345299,-0.15034089345299
"158",2004-12-31,-0.114961655834144,0.149653548361545,-0.149653548361545
"159",2005-01-07,-0.0611228004572274,0.149122645623701,-0.149122645623701
"160",2005-01-14,-0.0968052198973517,0.149007220359575,-0.149007220359575
"161",2005-01-21,-0.0939095522878186,0.14783576706761,-0.14783576706761
"162",2005-01-28,-0.0660369071848657,0.147370771301817,-0.147370771301817
"163",2005-02-04,-0.0662408116056126,0.147574779223452,-0.147574779223452
"164",2005-02-11,0.0648535820835361,0.147150452068298,-0.147150452068298
"165",2005-02-18,0.0018922879385435,0.147088166208213,-0.147088166208213
"166",2005-02-25,-0.042762792635255,0.147541548838486,-0.147541548838486
"167",2005-03-04,-0.0671060255125065,0.1485022913586,-0.1485022913586
"168",2005-03-11,-0.0949793048209115,0.150351741659827,-0.150351741659827
"169",2005-03-18,-0.0747036013239468,0.151978830191732,-0.151978830191732
"170",2005-03-25,-0.0285832290437773,0.152967950854906,-0.152967950854906
"171",2005-04-01,0.0375172595829116,0.1532668988831,-0.1532668988831
"172",2005-04-08,-0.0101448437951891,0.153710033805469,-0.153710033805469
"173",2005-04-15,-0.0131228412117839,0.154324974340303,-0.154324974340303
"174",2005-04-22,-0.0358727956371843,0.154639344338807,-0.154639344338807
"175",2005-04-29,-0.10367864063366,0.155846381225236,-0.155846381225236
"176",2005-05-06,-0.0962213923443136,0.15746567987749,-0.15746567987749
"177",2005-05-13,-0.0108034964258683,0.158055551757494,-0.158055551757494
"178",2005-05-20,-0.0325764213957315,0.15886841603661,-0.15886841603661
"179",2005-05-27,-0.0265093728737562,0.15948502177642,-0.15948502177642
"180",2005-06-03,-0.0207794217837187,0.160100212443962,-0.160100212443962
"181",2005-06-10,0.0125139985655084,0.160350156389648,-0.160350156389648
"182",2005-06-17,0.00650569617828434,0.160358931472238,-0.160358931472238
"183",2005-06-24,0.0189673756179865,0.159396506063746,-0.159396506063746
"184",2005-07-01,0.107759899520519,0.158115415134982,-0.158115415134982
"185",2005-07-08,0.0945006021665381,0.156977225528303,-0.156977225528303
"186",2005-07-15,0.045315816843971,0.155847377705828,-0.155847377705828
"187",2005-07-22,0.0196349901760264,0.155401365835951,-0.155401365835951
"188",2005-07-29,0.0176746207821147,0.154387008621594,-0.154387008621594
"189",2005-08-05,0.0142050506537653,0.153366496439518,-0.153366496439518
"190",2005-08-12,0.00450420529236548,0.152405056839701,-0.152405056839701
"191",2005-08-19,0.039219446134621,0.151743005160706,-0.151743005160706
"192",2005-08-26,0.0843248075540806,0.150355499115253,-0.150355499115253
"193",2005-09-02,0.0848464891301123,0.148448792027126,-0.148448792027126
"194",2005-09-09,0.11100547222228,0.145920764498882,-0.145920764498882
"195",2005-09-16,0.15185213749497,0.144157534208967,-0.144157534208967
"196",2005-09-23,0.156262453261405,0.143262687089271,-0.143262687089271
"197",2005-09-30,0.228567344386827,0.142760113700195,-0.142760113700195
"198",2005-10-07,0.193075585819414,0.141523515958873,-0.141523515958873
"199",2005-10-14,0.208442403238377,0.139962785724919,-0.139962785724919
"200",2005-10-21,0.255669512628982,0.138080107358956,-0.138080107358956
"201",2005-10-28,0.23213312070977,0.135852400123433,-0.135852400123433
"202",2005-11-04,0.272927718668092,0.133920502689048,-0.133920502689048
"203",2005-11-11,0.271749699326214,0.133478604520717,-0.133478604520717
"204",2005-11-18,0.274979632215704,0.132659005092294,-0.132659005092294
"205",2005-11-25,0.249250722637105,0.131227436586858,-0.131227436586858
"206",2005-12-02,0.251704724945801,0.130355529707883,-0.130355529707883
"207",2005-12-09,0.226557113702097,0.12936046893475,-0.12936046893475
"208",2005-12-16,0.0827565532400446,0.127945576282342,-0.127945576282342
"209",2005-12-23,0.0577783539153022,0.126578273911952,-0.126578273911952
"210",2005-12-30,0.0674272118405977,0.125019011921232,-0.125019011921232
"211",2006-01-06,0.0288488445200859,0.12329694546352,-0.12329694546352
"212",2006-01-13,-0.0227437921034794,0.121065340169961,-0.121065340169961
"213",2006-01-20,0.00127532012158652,0.119290830020419,-0.119290830020419
"214",2006-01-27,0.027939298137419,0.118057232609934,-0.118057232609934
"215",2006-02-03,0.0572760300331737,0.117024203396823,-0.117024203396823
"216",2006-02-10,-0.00329997383119698,0.116373665357157,-0.116373665357157
"217",2006-02-17,0.0439166876571493,0.1141510306289,-0.1141510306289
"218",2006-02-24,-0.027211371275049,0.112053820251069,-0.112053820251069
"219",2006-03-03,-0.00167467310385618,0.10772765471274,-0.10772765471274
"220",2006-03-10,0.0206476700684322,0.104506728397555,-0.104506728397555
"221",2006-03-17,-0.0568077651351258,0.104127595987368,-0.104127595987368
"222",2006-03-24,-0.0763324511228316,0.104164869169703,-0.104164869169703
"223",2006-03-31,-0.0548674346958365,0.104518467179212,-0.104518467179212
"224",2006-04-07,-0.0223366915314323,0.104292533673624,-0.104292533673624
"225",2006-04-14,-0.00122817839823655,0.104292801050928,-0.104292801050928
"226",2006-04-21,-0.0337129296497279,0.103874521257505,-0.103874521257505
"227",2006-04-28,-0.0761848107712579,0.103634651009,-0.103634651009
"228",2006-05-05,-0.131361947471758,0.104495624716706,-0.104495624716706
"229",2006-05-12,-0.17418190274823,0.105013687994658,-0.105013687994658
"230",2006-05-19,-0.122096485508485,0.105444153960733,-0.105444153960733
"231",2006-05-26,-0.158060015844394,0.106775846318621,-0.106775846318621
"232",2006-06-02,-0.202936822089562,0.108878431866804,-0.108878431866804
"233",2006-06-09,-0.0948233513657134,0.109078682386774,-0.109078682386774
"234",2006-06-16,-0.096560669160297,0.109517202865407,-0.109517202865407
"235",2006-06-23,-0.0847939544041738,0.109856915912779,-0.109856915912779
"236",2006-06-30,-0.143393649512376,0.110285294680652,-0.110285294680652
"237",2006-07-07,-0.143536032860668,0.111097538602154,-0.111097538602154
"238",2006-07-14,-0.0617739971900738,0.110925541466404,-0.110925541466404
"239",2006-07-21,-0.0959871799052866,0.109918085109524,-0.109918085109524
"240",2006-07-28,-0.0853549955244524,0.109490930628589,-0.109490930628589
"241",2006-08-04,-0.136607523209831,0.109498890288246,-0.109498890288246
"242",2006-08-11,-0.0549055131182164,0.109009963692955,-0.109009963692955
"243",2006-08-18,-0.104821514999722,0.108956625618464,-0.108956625618464
"244",2006-08-25,-0.0836345532383415,0.108984115248216,-0.108984115248216
"245",2006-09-01,-0.0876859832454557,0.109287555612667,-0.109287555612667
"246",2006-09-08,-0.0999422957806383,0.109686898657457,-0.109686898657457
"247",2006-09-15,-0.0454481046178137,0.109693725016716,-0.109693725016716
"248",2006-09-22,-0.0590322601878747,0.10982002986019,-0.10982002986019
"249",2006-09-29,-0.0426840068657494,0.109880489466812,-0.109880489466812
"250",2006-10-06,-0.0550801336132021,0.109979447942311,-0.109979447942311
"251",2006-10-13,-0.0149341284196172,0.109955929120585,-0.109955929120585
"252",2006-10-20,-0.0792212984246504,0.109869049457469,-0.109869049457469
"253",2006-10-27,-0.100290062880052,0.10996434912038,-0.10996434912038
"254",2006-11-03,-0.072033879377949,0.109813698713873,-0.109813698713873
"255",2006-11-10,-0.113554372707572,0.11022094140303,-0.11022094140303
"256",2006-11-17,-0.0946214644843862,0.11046372234301,-0.11046372234301
"257",2006-11-24,-0.122400516558601,0.110852887822216,-0.110852887822216
"258",2006-12-01,-0.0763546620085879,0.110449736774423,-0.110449736774423
"259",2006-12-08,-0.0162747490153398,0.110233759596319,-0.110233759596319
"260",2006-12-15,-0.0163036794785535,0.109891211631743,-0.109891211631743
"261",2006-12-22,-0.0721009896468847,0.109776018287884,-0.109776018287884
"262",2006-12-29,-0.0226883493079543,0.109252629884096,-0.109252629884096
"263",2007-01-05,-0.0637354107392763,0.10926609882407,-0.10926609882407
"264",2007-01-12,-0.0180432590717717,0.108891900592419,-0.108891900592419
"265",2007-01-19,0.0246548004719948,0.108558081474348,-0.108558081474348
"266",2007-01-26,0.0871312500561109,0.108726962908214,-0.108726962908214
"267",2007-02-02,-0.0610070089375686,0.108697705406064,-0.108697705406064
"268",2007-02-09,-0.0525990901572299,0.108616936687474,-0.108616936687474
"269",2007-02-16,-0.0532928010424562,0.108731814911499,-0.108731814911499
"270",2007-02-23,-0.0297095370482348,0.108692605497057,-0.108692605497057
"271",2007-03-02,-0.0859991766880882,0.108817285805983,-0.108817285805983
"272",2007-03-09,-0.0571571030713355,0.108568875241075,-0.108568875241075
"273",2007-03-16,-0.0291827459680071,0.108365943786615,-0.108365943786615
"274",2007-03-23,-0.0429251879766765,0.108409322230499,-0.108409322230499
"275",2007-03-30,-0.0453243934674687,0.108420066994496,-0.108420066994496
"276",2007-04-06,-0.0284830445575503,0.108446949224977,-0.108446949224977
"277",2007-04-13,0.00286527017832986,0.108443834831541,-0.108443834831541
"278",2007-04-20,-0.0269337350055508,0.108420967888577,-0.108420967888577
"279",2007-04-27,-0.0167479627494622,0.107969773491457,-0.107969773491457
"280",2007-05-04,-0.015126090136211,0.10757447569813,-0.10757447569813
"281",2007-05-11,0.0431414063141493,0.10765761923198,-0.10765761923198
"282",2007-05-18,0.0720774880391375,0.107845299157302,-0.107845299157302
"283",2007-05-25,0.0819969762772043,0.108107469472847,-0.108107469472847
"284",2007-06-01,0.138158920441674,0.10891139688136,-0.10891139688136
"285",2007-06-08,0.192482162586594,0.110483663523872,-0.110483663523872
"286",2007-06-15,0.191245236760043,0.11198860696883,-0.11198860696883
"287",2007-06-22,0.212015414611763,0.113783964255062,-0.113783964255062
"288",2007-06-29,0.164536200161717,0.114400403887495,-0.114400403887495
"289",2007-07-06,0.162915791600772,0.115092425089643,-0.115092425089643
"290",2007-07-13,0.20889184710832,0.116693363344631,-0.116693363344631
"291",2007-07-20,0.178025102368287,0.117834348699265,-0.117834348699265
"292",2007-07-27,0.119121656334881,0.118295886816466,-0.118295886816466
"293",2007-08-03,0.110143683570785,0.118674430035385,-0.118674430035385
"294",2007-08-10,0.0966869296270157,0.118943127640188,-0.118943127640188
"295",2007-08-17,-0.0163978262658524,0.118959881847714,-0.118959881847714
"296",2007-08-24,0.0373842075201309,0.118782581976663,-0.118782581976663
"297",2007-08-31,0.0437619273534784,0.118614160364255,-0.118614160364255
"298",2007-09-07,0.0368882891503581,0.118247685110477,-0.118247685110477
"299",2007-09-14,0.030718867108724,0.117463428100157,-0.117463428100157
"300",2007-09-21,0.0469163739061932,0.116647146300902,-0.116647146300902
"301",2007-09-28,-0.0274181739638021,0.114697401968025,-0.114697401968025
"302",2007-10-05,-0.0670332024675916,0.11346498713895,-0.11346498713895
"303",2007-10-12,-0.083605472161489,0.112013164414596,-0.112013164414596
"304",2007-10-19,-0.124533046990438,0.109880248874042,-0.109880248874042
"305",2007-10-26,-0.126211107419121,0.108123148266025,-0.108123148266025
"306",2007-11-02,-0.125209427832461,0.10523948064688,-0.10523948064688
"307",2007-11-09,-0.18172105811915,0.102919900005485,-0.102919900005485
"308",2007-11-16,-0.168983499087994,0.100068812613091,-0.100068812613091
"309",2007-11-23,-0.245042766811367,0.0990686759270985,-0.0990686759270985
"310",2007-11-30,-0.171203582840423,0.0964092178540178,-0.0964092178540178
"311",2007-12-07,-0.203513456719198,0.0947192289686099,-0.0947192289686099
"312",2007-12-14,-0.13358863244006,0.0946116386142796,-0.0946116386142796
"313",2007-12-21,-0.0987950059209235,0.0944258879784592,-0.0944258879784592
"314",2007-12-28,-0.116095564917744,0.0942491252485251,-0.0942491252485251
"315",2008-01-04,-0.171223888517874,0.0949810280221307,-0.0949810280221307
"316",2008-01-11,-0.0948473224303319,0.0951426659683558,-0.0951426659683558
"317",2008-01-18,-0.0879976747951977,0.0951949376645475,-0.0951949376645475
"318",2008-01-25,-0.149577795623198,0.0955908764150452,-0.0955908764150452
"319",2008-02-01,-0.148039402642066,0.0956875202726176,-0.0956875202726176
"320",2008-02-08,-0.116268233745878,0.095888001029847,-0.095888001029847
"321",2008-02-15,-0.0874838105059993,0.0955993091020908,-0.0955993091020908
"322",2008-02-22,-0.0653103747436815,0.0956070321275231,-0.0956070321275231
"323",2008-02-29,-0.0879967337223573,0.0956067933200943,-0.0956067933200943
"324",2008-03-07,-0.0919059970796646,0.0954902549208735,-0.0954902549208735
"325",2008-03-14,-0.126531024405454,0.0958085424120177,-0.0958085424120177
"326",2008-03-21,-0.114740422794354,0.0959964272256821,-0.0959964272256821
"327",2008-03-28,-0.136274458666493,0.0963890046701817,-0.0963890046701817
"328",2008-04-04,-0.130425157203117,0.0966898762652387,-0.0966898762652387
"329",2008-04-11,-0.219516388294016,0.0979983463116767,-0.0979983463116767
"330",2008-04-18,-0.192618468867702,0.0989552597111268,-0.0989552597111268
"331",2008-04-25,-0.172233858377524,0.099621140470447,-0.099621140470447
"332",2008-05-02,-0.132895066176136,0.0996328460649074,-0.0996328460649074
"333",2008-05-09,-0.142225964426434,0.099306685017481,-0.099306685017481
"334",2008-05-16,-0.120131107052682,0.099293686791221,-0.099293686791221
"335",2008-05-23,-0.120563309596582,0.0989777643860096,-0.0989777643860096
"336",2008-05-30,-0.138969719311374,0.0982335648133553,-0.0982335648133553
"337",2008-06-06,-0.15677324633865,0.0986796021583376,-0.0986796021583376
"338",2008-06-13,-0.0699127640135133,0.0986001723561895,-0.0986001723561895
"339",2008-06-20,-0.148004762889787,0.0989931917994053,-0.0989931917994053
"340",2008-06-27,-0.165748983639722,0.0992144549885995,-0.0992144549885995
"341",2008-07-04,-0.152566334643593,0.0992978032559421,-0.0992978032559421
"342",2008-07-11,-0.194681064762752,0.10025293323036,-0.10025293323036
"343",2008-07-18,-0.173236065263167,0.100843892904396,-0.100843892904396
"344",2008-07-25,-0.167662586364255,0.101399887668725,-0.101399887668725
"345",2008-08-01,-0.160430782579201,0.101609200476648,-0.101609200476648
"346",2008-08-08,-0.0508815311964737,0.101610685655358,-0.101610685655358
"347",2008-08-15,-0.0172226872178641,0.101571286398089,-0.101571286398089
"348",2008-08-22,-0.0280465574139801,0.10157015368107,-0.10157015368107
"349",2008-08-29,-0.0521461715624171,0.101520112487859,-0.101520112487859
"350",2008-09-05,-0.0560085008064459,0.101422723361522,-0.101422723361522
"351",2008-09-12,-0.0487715572603068,0.10142033662127,-0.10142033662127
"352",2008-09-19,-0.028138980487591,0.10145254811428,-0.10145254811428
"353",2008-09-26,-0.00729157487240903,0.101551307576387,-0.101551307576387
"354",2008-10-03,-0.00017207356712066,0.101688228217753,-0.101688228217753
"355",2008-10-10,-0.180237617752695,0.102369774552102,-0.102369774552102
"356",2008-10-17,-0.0423644244840269,0.102349086034612,-0.102349086034612
"357",2008-10-24,-0.128050858884964,0.102505228959936,-0.102505228959936
"358",2008-10-31,-0.122172366032207,0.102704000915268,-0.102704000915268
"359",2008-11-07,-0.0180352867269994,0.102606368914014,-0.102606368914014
"360",2008-11-14,0.0830646987936449,0.103408496259105,-0.103408496259105
"361",2008-11-21,0.0703220470266451,0.103875248652257,-0.103875248652257
"362",2008-11-28,0.0119274365857346,0.104026373519495,-0.104026373519495
"363",2008-12-05,0.0112982103139034,0.104148529050536,-0.104148529050536
"364",2008-12-12,-0.0947318819861929,0.104187183669571,-0.104187183669571
"365",2008-12-19,-0.185610362181964,0.105005867618349,-0.105005867618349
"366",2008-12-26,-0.220697205919621,0.106262362119573,-0.106262362119573
"367",2009-01-02,-0.0373005858964519,0.106269503766563,-0.106269503766563
"368",2009-01-09,-0.00672242917571159,0.106311807853766,-0.106311807853766
"369",2009-01-16,-0.0489417309631835,0.106032857231166,-0.106032857231166
"370",2009-01-23,-0.00557536153916042,0.105221898481795,-0.105221898481795
"371",2009-01-30,-0.0744340452023135,0.10523777732418,-0.10523777732418
"372",2009-02-06,-0.0296457751659579,0.105266856895363,-0.105266856895363
"373",2009-02-13,0.00507204903850445,0.10543013353946,-0.10543013353946
"374",2009-02-20,0.0577353873889293,0.105974511656039,-0.105974511656039
"375",2009-02-27,0.149350170370184,0.107768077324497,-0.107768077324497
"376",2009-03-06,0.191728428805059,0.110363999686775,-0.110363999686775
"377",2009-03-13,0.230904852562565,0.11370645932688,-0.11370645932688
"378",2009-03-20,0.193419053165226,0.116108710189605,-0.116108710189605
"379",2009-03-27,0.217615924662275,0.118906776982313,-0.118906776982313
"380",2009-04-03,0.233585988119714,0.121921578559107,-0.121921578559107
"381",2009-04-10,0.26729763020461,0.125504980833841,-0.125504980833841
"382",2009-04-17,0.162788648494861,0.127012581877071,-0.127012581877071
"383",2009-04-24,0.126087766929462,0.127975016665975,-0.127975016665975
"384",2009-05-01,0.118328917663897,0.128823533979256,-0.128823533979256
"385",2009-05-08,0.0970621661030774,0.129236096194973,-0.129236096194973
"386",2009-05-15,0.101309381896444,0.129494699186363,-0.129494699186363
"387",2009-05-22,-0.030028184498887,0.129010291098276,-0.129010291098276
"388",2009-05-29,0.0150764354564038,0.127993597154482,-0.127993597154482
"389",2009-06-05,0.103638729930696,0.126762568256942,-0.126762568256942
"390",2009-06-12,0.0953432253552139,0.125448960447608,-0.125448960447608
"391",2009-06-19,0.0853853783379494,0.123628705602298,-0.123628705602298
"392",2009-06-26,0.0858834503286956,0.122624703004846,-0.122624703004846
"393",2009-07-03,0.0664593720176584,0.121456761745332,-0.121456761745332
"394",2009-07-10,0.0575028078282091,0.119358314848932,-0.119358314848932
"395",2009-07-17,0.0485506002069714,0.117732236731089,-0.117732236731089
"396",2009-07-24,0.0323886114813972,0.116893455285751,-0.116893455285751
"397",2009-07-31,0.0400504440391435,0.116210609943919,-0.116210609943919
"398",2009-08-07,0.0838153113345153,0.116068034471732,-0.116068034471732
"399",2009-08-14,0.0743332835550417,0.116604472407429,-0.116604472407429
"400",2009-08-21,0.0736836969560106,0.116896676647506,-0.116896676647506
"401",2009-08-28,0.102094967508283,0.11744643582296,-0.11744643582296
"402",2009-09-04,0.0823094118517847,0.117820985416473,-0.117820985416473
"403",2009-09-11,0.00185045216150357,0.117686459914337,-0.117686459914337
"404",2009-09-18,0.0131558224783596,0.117489744776183,-0.117489744776183
"405",2009-09-25,0.0303390619841964,0.117689459943129,-0.117689459943129
"406",2009-10-02,0.0239374190729971,0.117825641983031,-0.117825641983031
"407",2009-10-09,0.0022677820827012,0.117812804630885,-0.117812804630885
"408",2009-10-16,-0.0119254578688765,0.117531023052029,-0.117531023052029
"409",2009-10-23,0.0229924742722516,0.117346401844266,-0.117346401844266
"410",2009-10-30,-0.0150424916457257,0.117029408104592,-0.117029408104592
"411",2009-11-06,-0.0290551323718099,0.116123422538715,-0.116123422538715
"412",2009-11-13,-0.0370994835988744,0.115345899879627,-0.115345899879627
"413",2009-11-20,-0.048074650654928,0.113416950212178,-0.113416950212178
"414",2009-11-27,-0.081142984612525,0.112671538859073,-0.112671538859073
"415",2009-12-04,-0.0353186696382157,0.111346975871562,-0.111346975871562
"416",2009-12-11,-0.0175886074521149,0.110856412525411,-0.110856412525411
"417",2009-12-18,0.000750946576674404,0.110656900060729,-0.110656900060729
"418",2009-12-25,0.0204914205809358,0.110383579769417,-0.110383579769417
"419",2010-01-01,0.034733556794956,0.109567762293022,-0.109567762293022
"420",2010-01-08,0.0455828711753202,0.109531400370002,-0.109531400370002
"421",2010-01-15,0.0249422056269805,0.109420871486668,-0.109420871486668
"422",2010-01-22,0.039688720975737,0.108816236296336,-0.108816236296336
"423",2010-01-29,0.0179810789675819,0.108107400376684,-0.108107400376684
"424",2010-02-05,0.0816224601096077,0.108076453790486,-0.108076453790486
"425",2010-02-12,0.0561483964964404,0.108054157620197,-0.108054157620197
"426",2010-02-19,0.106659356597795,0.108564355280623,-0.108564355280623
"427",2010-02-26,0.0701976606561404,0.108591736207383,-0.108591736207383
"428",2010-03-05,0.11204062091082,0.108940566769611,-0.108940566769611
"429",2010-03-12,0.113199985768746,0.108946881601184,-0.108946881601184
"430",2010-03-19,0.165048646057918,0.109682856434538,-0.109682856434538
"431",2010-03-26,0.181228140279714,0.110357213773502,-0.110357213773502
"432",2010-04-02,0.209108293720652,0.111479853932224,-0.111479853932224
"433",2010-04-09,0.172643458671322,0.110501473460992,-0.110501473460992
"434",2010-04-16,0.0718085764004491,0.108894951145177,-0.108894951145177
"435",2010-04-23,0.0623735037950318,0.107514667137579,-0.107514667137579
"436",2010-04-30,0.0577728677232526,0.106646036739534,-0.106646036739534
"437",2010-05-07,0.132071722025814,0.106145492937456,-0.106145492937456
"438",2010-05-14,0.117384381997385,0.105737269422505,-0.105737269422505
"439",2010-05-21,0.0945410728505743,0.105092048752026,-0.105092048752026
"440",2010-05-28,0.108647033183808,0.104243522006373,-0.104243522006373
"441",2010-06-04,0.119800048069213,0.10313545132233,-0.10313545132233
"442",2010-06-11,0.113816439377697,0.103056497195766,-0.103056497195766
"443",2010-06-18,-0.041443994392495,0.101817936896626,-0.101817936896626
"444",2010-06-25,0.0466485984636341,0.099999297333634,-0.099999297333634
"445",2010-07-02,0.0241703203133074,0.098346732568854,-0.098346732568854
"446",2010-07-09,0.064580253850418,0.095793551713859,-0.095793551713859
"447",2010-07-16,-0.00562643397801865,0.0936478928806275,-0.0936478928806275
"448",2010-07-23,0.0119300323866304,0.0914816892092759,-0.0914816892092759
"449",2010-07-30,-0.0539727130819647,0.0898203550368213,-0.0898203550368213
"450",2010-08-06,-0.0998121526758891,0.0904219740878722,-0.0904219740878722
"451",2010-08-13,-0.0297872404795344,0.0905055696820595,-0.0905055696820595
"452",2010-08-20,-0.029574976090846,0.0905165921388867,-0.0905165921388867
"453",2010-08-27,-0.0270851892440071,0.0903062792356095,-0.0903062792356095
"454",2010-09-03,-0.0416257190535836,0.0901708149270741,-0.0901708149270741
"455",2010-09-10,-0.00322652220447198,0.0898514446543416,-0.0898514446543416
"456",2010-09-17,0.00503942044132538,0.0896686362999749,-0.0896686362999749
"457",2010-09-24,-0.0443808549393,0.0899301158844877,-0.0899301158844877
"458",2010-10-01,-0.0574551219365425,0.0903480104474233,-0.0903480104474233
"459",2010-10-08,-0.0915784254872797,0.0886652910455663,-0.0886652910455663
"460",2010-10-15,-0.108885796949345,0.0894975909305167,-0.0894975909305167
"461",2010-10-22,-0.115825045569015,0.0892840040751133,-0.0892840040751133
"462",2010-10-29,-0.166612996381458,0.0901647368705734,-0.0901647368705734
"463",2010-11-05,-0.129110717911523,0.0914895949647692,-0.0914895949647692
"464",2010-11-12,-0.0996166232983672,0.092355444165549,-0.092355444165549
"465",2010-11-19,-0.0903851026234677,0.0931122398971144,-0.0931122398971144
"466",2010-11-26,0.00811142515984781,0.093121843734303,-0.093121843734303
"467",2010-12-03,-0.0713377163746295,0.0936695701861107,-0.0936695701861107
"468",2010-12-10,-0.0317694056977477,0.0930350671642483,-0.0930350671642483
"469",2010-12-17,0.0223567964931297,0.0904696888367887,-0.0904696888367887
"470",2010-12-24,-0.0168842448655132,0.0869971073958138,-0.0869971073958138
"471",2010-12-31,-0.0709779745508666,0.0873417664651421,-0.0873417664651421
"472",2011-01-07,-0.0728501417421612,0.0879063361491796,-0.0879063361491796
"473",2011-01-14,-0.116723467966988,0.0887960952081585,-0.0887960952081585
"474",2011-01-21,-0.143096786502923,0.0904345571250234,-0.0904345571250234
"475",2011-01-28,-0.152240740610999,0.0916619697626534,-0.0916619697626534
"476",2011-02-04,-0.166239188427034,0.0935453324993963,-0.0935453324993963
"477",2011-02-11,-0.143739647916819,0.0951005364959434,-0.0951005364959434
"478",2011-02-18,-0.161316625774527,0.0969217857566024,-0.0969217857566024
"479",2011-02-25,-0.190284092520182,0.0985483465850066,-0.0985483465850066
"480",2011-03-04,-0.204530500291217,0.09973604547315,-0.09973604547315
"481",2011-03-11,-0.19385180722479,0.0998076509422391,-0.0998076509422391
"482",2011-03-18,-0.201849367509085,0.100593986234906,-0.100593986234906
"483",2011-03-25,-0.20010436395187,0.100741117399867,-0.100741117399867
"484",2011-04-01,-0.17519075312804,0.0999197989655565,-0.0999197989655565
"485",2011-04-08,-0.156539426760151,0.0977991544055455,-0.0977991544055455
"486",2011-04-15,-0.245723917665966,0.0994837492400825,-0.0994837492400825
"487",2011-04-22,-0.26609489737089,0.10200031934629,-0.10200031934629
"488",2011-04-29,-0.276726764014853,0.104672502264177,-0.104672502264177
"489",2011-05-06,-0.249623784874843,0.106758287418545,-0.106758287418545
"490",2011-05-13,-0.228928095188926,0.108243094980809,-0.108243094980809
"491",2011-05-20,-0.253686837029936,0.110725626877333,-0.110725626877333
"492",2011-05-27,-0.286446093048798,0.113763284054658,-0.113763284054658
"493",2011-06-03,-0.310176592266347,0.116575560851007,-0.116575560851007
"494",2011-06-10,-0.292201574445953,0.118874315205682,-0.118874315205682
"495",2011-06-17,-0.31786552732116,0.121671571455538,-0.121671571455538
"496",2011-06-24,-0.298914552744511,0.123875263598097,-0.123875263598097
"497",2011-07-01,-0.32525653535147,0.126655337489799,-0.126655337489799
"498",2011-07-08,-0.340549729409565,0.129667663327469,-0.129667663327469
"499",2011-07-15,-0.359593229908056,0.132987305517934,-0.132987305517934
"500",2011-07-22,-0.375769484607838,0.136581908464195,-0.136581908464195
"501",2011-07-29,-0.397580880603413,0.140424885987548,-0.140424885987548
"502",2011-08-05,-0.395362533215334,0.1436307961025,-0.1436307961025
"503",2011-08-12,-0.406841934363555,0.146966130908407,-0.146966130908407
"504",2011-08-19,-0.39785644117091,0.149895873798075,-0.149895873798075
"505",2011-08-26,-0.415212553430535,0.152707696185578,-0.152707696185578
"506",2011-09-02,-0.398879579497189,0.155184975890446,-0.155184975890446
"507",2011-09-09,-0.271694600637809,0.156117289318026,-0.156117289318026
"508",2011-09-16,-0.25441089032683,0.156744101708189,-0.156744101708189
"509",2011-09-23,-0.0402378764513611,0.156395922504286,-0.156395922504286
"510",2011-09-30,-0.0307483318917029,0.156118307254252,-0.156118307254252
"511",2011-10-07,-0.0431494881515118,0.155934186286064,-0.155934186286064
"512",2011-10-14,-0.123667270691686,0.155805072750023,-0.155805072750023
"513",2011-10-21,-0.100998120682669,0.155430072450026,-0.155430072450026
"514",2011-10-28,-0.198745438965319,0.155635730721753,-0.155635730721753
"515",2011-11-04,-0.108694151879448,0.15552962392816,-0.15552962392816
"516",2011-11-11,-0.0487249860941604,0.155494966058136,-0.155494966058136
"517",2011-11-18,0.0423112315123971,0.155987448539456,-0.155987448539456
"518",2011-11-25,0.0617528012182612,0.156692644312623,-0.156692644312623
"519",2011-12-02,0.0253804569762918,0.157005303517487,-0.157005303517487
"520",2011-12-09,0.0600122819291884,0.157526202487203,-0.157526202487203
"521",2011-12-16,0.0773365634427603,0.158118991687152,-0.158118991687152
"522",2011-12-23,0.0500910465471044,0.158339767701728,-0.158339767701728
"523",2011-12-30,0.0721196549827012,0.158658939489453,-0.158658939489453
"524",2012-01-06,0.0529423979235062,0.15871972212624,-0.15871972212624
"525",2012-01-13,0.0409137230005524,0.158835496118257,-0.158835496118257
"526",2012-01-20,-0.0787873057290962,0.158352729207469,-0.158352729207469
"527",2012-01-27,-0.13782940669947,0.158089744116842,-0.158089744116842
"528",2012-02-03,-0.158376792325221,0.157336902065865,-0.157336902065865
"529",2012-02-10,-0.0280771396910028,0.156790613325547,-0.156790613325547
"530",2012-02-17,-0.0352695310038459,0.155664504027519,-0.155664504027519
"531",2012-02-24,-0.00541914850864727,0.155071895336519,-0.155071895336519
"532",2012-03-02,-0.0180576718266278,0.153919088700793,-0.153919088700793
"533",2012-03-09,-0.0162513866486658,0.152740912750506,-0.152740912750506
"534",2012-03-16,-0.0199129551862445,0.150736847175706,-0.150736847175706
"535",2012-03-23,-0.00573647890258797,0.148476355286465,-0.148476355286465
"536",2012-03-30,-0.0505026150119628,0.14538840950482,-0.14538840950482
"537",2012-04-06,-0.0506947110523883,0.142921493609924,-0.142921493609924
"538",2012-04-13,-0.0877213011427476,0.141867338336453,-0.141867338336453
"539",2012-04-20,-0.0968190089808,0.140892412232971,-0.140892412232971
"540",2012-04-27,-0.13037999199157,0.139958786309601,-0.139958786309601
"541",2012-05-04,-0.127325243184985,0.137917800753846,-0.137917800753846
"542",2012-05-11,-0.1270548537975,0.136049984069503,-0.136049984069503
"543",2012-05-18,-0.0416619245541095,0.134673348941523,-0.134673348941523
"544",2012-05-25,-0.0254967187782923,0.133142963249942,-0.133142963249942
"545",2012-06-01,-0.0244213546448395,0.131398345302914,-0.131398345302914
"546",2012-06-08,-0.0195813455682387,0.129756164468536,-0.129756164468536
"547",2012-06-15,-0.0528388390429597,0.129694758413523,-0.129694758413523
"548",2012-06-22,-0.0057679619581577,0.129144673440303,-0.129144673440303
"549",2012-06-29,-0.0770492845162107,0.128429288782419,-0.128429288782419
"550",2012-07-06,-0.0388438985120773,0.127376958735929,-0.127376958735929
"551",2012-07-13,-0.107308106542782,0.126866786132683,-0.126866786132683
"552",2012-07-20,-0.127570688656573,0.12616558300182,-0.12616558300182
"553",2012-07-27,-0.163614951535822,0.126032831706405,-0.126032831706405
"554",2012-08-03,-0.158526873195456,0.126050201320218,-0.126050201320218
"555",2012-08-10,-0.143328165451561,0.125703418034125,-0.125703418034125
"556",2012-08-17,-0.0951587015450452,0.12537550638467,-0.12537550638467
"557",2012-08-24,-0.0953810575299965,0.125023694289438,-0.125023694289438
"558",2012-08-31,-0.13988153204609,0.124735639704403,-0.124735639704403
"559",2012-09-07,-0.187109208217333,0.124238706801596,-0.124238706801596
"560",2012-09-14,-0.213639240294002,0.123768650942489,-0.123768650942489
"561",2012-09-21,-0.221712567513634,0.123760141982798,-0.123760141982798
"562",2012-09-28,-0.224146792163527,0.123831893699318,-0.123831893699318
"563",2012-10-05,-0.223436679805572,0.124046324084243,-0.124046324084243
"564",2012-10-12,-0.238983814238343,0.124411616100623,-0.124411616100623
"565",2012-10-19,-0.197734279598657,0.124525042999145,-0.124525042999145
"566",2012-10-26,-0.204656589940655,0.124661503550732,-0.124661503550732
"567",2012-11-02,-0.172966346344969,0.124699211019548,-0.124699211019548
"568",2012-11-09,-0.154711032691131,0.124642110326003,-0.124642110326003
"569",2012-11-16,-0.130048643387924,0.124547191615976,-0.124547191615976
"570",2012-11-23,-0.114370002334398,0.123698580553767,-0.123698580553767
"571",2012-11-30,-0.143665502881015,0.123498922063655,-0.123498922063655
"572",2012-12-07,-0.142729636873856,0.123007046778502,-0.123007046778502
"573",2012-12-14,-0.13632941845253,0.121901958048419,-0.121901958048419
"574",2012-12-21,-0.132498400481316,0.121242272077341,-0.121242272077341
"575",2012-12-28,-0.105647162348554,0.121079614513995,-0.121079614513995
"576",2013-01-04,-0.0381812069155013,0.121333287146779,-0.121333287146779
"577",2013-01-11,-0.0034067545399087,0.122111362047185,-0.122111362047185
"578",2013-01-18,0.0445961248099811,0.123527605492844,-0.123527605492844
"579",2013-01-25,0.0632894751952481,0.125181544354595,-0.125181544354595
"580",2013-02-01,0.0767659829775688,0.126974692833347,-0.126974692833347
"581",2013-02-08,0.0510783725425234,0.128339677819032,-0.128339677819032
"582",2013-02-15,0.0754721825683053,0.130003012763708,-0.130003012763708
"583",2013-02-22,0.0975250975600834,0.131869885128941,-0.131869885128941
"584",2013-03-01,0.130511706885694,0.134165045164651,-0.134165045164651
"585",2013-03-08,0.187302797045743,0.137546643653179,-0.137546643653179
"586",2013-03-15,0.196749527591479,0.140913248947077,-0.140913248947077
"587",2013-03-22,0.220471714256701,0.144628915060099,-0.144628915060099
"588",2013-03-29,0.178965264877443,0.147405152347322,-0.147405152347322
"589",2013-04-05,0.2190575002071,0.150919660169993,-0.150919660169993
"590",2013-04-12,0.247158909064919,0.154338421093516,-0.154338421093516
"591",2013-04-19,0.252787916756059,0.157466595615613,-0.157466595615613
"592",2013-04-26,0.193618256732002,0.159115330675538,-0.159115330675538
"593",2013-05-03,0.161008046836218,0.160367251056355,-0.160367251056355
"594",2013-05-10,0.212391133146869,0.162546134019527,-0.162546134019527
"595",2013-05-17,0.299074270580609,0.166082914263247,-0.166082914263247
"596",2013-05-24,0.306812049492119,0.169184479799581,-0.169184479799581
"597",2013-05-31,0.253217352384351,0.170666651700455,-0.170666651700455
"598",2013-06-07,0.104393874849613,0.170124444405907,-0.170124444405907
"599",2013-06-14,0.102705582551512,0.169123056227014,-0.169123056227014
"600",2013-06-21,0.195584273675726,0.169404313637245,-0.169404313637245
"601",2013-06-28,0.164447819099619,0.168741939656716,-0.168741939656716
"602",2013-07-05,0.27472611459125,0.169400000138617,-0.169400000138617
"603",2013-07-12,0.117449512236064,0.167342812327413,-0.167342812327413
"604",2013-07-19,0.158773598429662,0.165249523528631,-0.165249523528631
"605",2013-07-26,0.114897176976021,0.162058661809654,-0.162058661809654
"606",2013-08-02,0.117506063860269,0.158722284511785,-0.158722284511785
"607",2013-08-09,0.0603427082735529,0.154478991011268,-0.154478991011268
"608",2013-08-16,0.156961293425074,0.151001238915141,-0.151001238915141
"609",2013-08-23,0.173982288361118,0.146997693019199,-0.146997693019199
"610",2013-08-30,0.160683982613251,0.142939665047245,-0.142939665047245
"611",2013-09-06,0.143117541889291,0.141291445889995,-0.141291445889995
"612",2013-09-13,0.134702849897211,0.139743061443514,-0.139743061443514
"613",2013-09-20,0.146618868078178,0.14042531977638,-0.14042531977638
"614",2013-09-27,0.111029031159681,0.140797823414588,-0.140797823414588
"615",2013-10-04,0.077507870672329,0.140912837367176,-0.140912837367176
"616",2013-10-11,0.0826227528977226,0.14055073565218,-0.14055073565218
"617",2013-10-18,0.0873601828039243,0.140373179948562,-0.140373179948562
"618",2013-10-25,0.0751353186600979,0.139024689067539,-0.139024689067539
"619",2013-11-01,0.088037549681436,0.138727174900801,-0.138727174900801
"620",2013-11-08,0.0966625056764083,0.138839258727126,-0.138839258727126
"621",2013-11-15,0.0780265185396285,0.138954968516398,-0.138954968516398
"622",2013-11-22,0.0443617976229852,0.13890738909638,-0.13890738909638
"623",2013-11-29,0.041178036955497,0.138928785406589,-0.138928785406589
"624",2013-12-06,-0.0204307426598449,0.138893916526428,-0.138893916526428
"625",2013-12-13,0.0303954956550925,0.138759684829131,-0.138759684829131
"626",2013-12-20,0.019958318923096,0.138712410660812,-0.138712410660812
"627",2013-12-27,0.0101775556556659,0.138586689293712,-0.138586689293712
"628",2014-01-03,0.0139611104862869,0.138527215802392,-0.138527215802392
"629",2014-01-10,-0.0102400638234244,0.138512544132984,-0.138512544132984
"630",2014-01-17,0.0173368514676701,0.138228018087556,-0.138228018087556
"631",2014-01-24,0.00130115514907329,0.137435611022093,-0.137435611022093
"632",2014-01-31,-0.0191782816079017,0.136421921037286,-0.136421921037286
"633",2014-02-07,-0.00989455162501436,0.136378341824116,-0.136378341824116
"634",2014-02-14,-0.0483450344895936,0.136430941467668,-0.136430941467668
"635",2014-02-21,0.00181909566778347,0.136422450873618,-0.136422450873618
"636",2014-02-28,-0.0394924996590639,0.136488623944643,-0.136488623944643
"637",2014-03-07,0.0240038265033247,0.136457611688606,-0.136457611688606
"638",2014-03-14,-0.0266077139162172,0.136475771219259,-0.136475771219259
"639",2014-03-21,-0.00632725438126229,0.136476648053065,-0.136476648053065
"640",2014-03-28,-0.0757351468503015,0.136616275367896,-0.136616275367896
"641",2014-04-04,-0.0681634626618982,0.136708025164395,-0.136708025164395
"642",2014-04-11,-0.0844483899602593,0.136684658984738,-0.136684658984738
"643",2014-04-18,-0.072062494323628,0.136510443646855,-0.136510443646855
"644",2014-04-25,-0.0868836609592492,0.136127771625901,-0.136127771625901
"645",2014-05-02,-0.126678595718742,0.136121217391353,-0.136121217391353
"646",2014-05-09,-0.129877238720482,0.136150114531941,-0.136150114531941
"647",2014-05-16,-0.140971553464047,0.136898181889189,-0.136898181889189
"648",2014-05-23,-0.147000333159091,0.13775542434724,-0.13775542434724
"649",2014-05-30,-0.135634342567202,0.138478198388107,-0.138478198388107
"650",2014-06-06,-0.12316397298988,0.139077971790502,-0.139077971790502
"651",2014-06-13,-0.0936533707836496,0.139316944684102,-0.139316944684102
"652",2014-06-20,-0.110720910670851,0.139815188511604,-0.139815188511604
"653",2014-06-27,-0.105317385122532,0.140012407203441,-0.140012407203441
"654",2014-07-04,-0.119903723978516,0.140507332110702,-0.140507332110702
"655",2014-07-11,-0.128338928911902,0.140690555026067,-0.140690555026067
"656",2014-07-18,-0.117221314724461,0.140597188902388,-0.140597188902388
"657",2014-07-25,-0.0800961053873171,0.139841965527171,-0.139841965527171
"658",2014-08-01,-0.0719985188229432,0.139090088747051,-0.139090088747051
"659",2014-08-08,-0.0281614916200296,0.138313987247755,-0.138313987247755
"660",2014-08-15,-0.0151585284261616,0.137939338337712,-0.137939338337712
"661",2014-08-22,-0.00255125663798289,0.137538465062527,-0.137538465062527
"662",2014-08-29,9.3244800000157e-05,0.136712800734198,-0.136712800734198
"663",2014-09-05,0.0366152576379013,0.135268686576153,-0.135268686576153
"664",2014-09-12,0.0553343067400989,0.133389042477298,-0.133389042477298
"665",2014-09-19,0.0463829024248892,0.131268997075605,-0.131268997075605
"666",2014-09-26,0.0572134559501906,0.129039548520375,-0.129039548520375
"667",2014-10-03,0.0860895222918198,0.126825077349294,-0.126825077349294
"668",2014-10-10,0.0387506265554195,0.124062068113594,-0.124062068113594
"669",2014-10-17,0.0407310904777657,0.122003280231685,-0.122003280231685
"670",2014-10-24,0.0563442466274102,0.119750501078066,-0.119750501078066
"671",2014-10-31,0.129187034470545,0.118323536447897,-0.118323536447897
"672",2014-11-07,0.111857836849177,0.116999954216834,-0.116999954216834
"673",2014-11-14,0.206419407004437,0.116903255482479,-0.116903255482479
"674",2014-11-21,0.214747296436325,0.117049160476828,-0.117049160476828
"675",2014-11-28,0.201801147362464,0.116502791654181,-0.116502791654181
"676",2014-12-05,0.23881866533303,0.116390140292095,-0.116390140292095
"677",2014-12-12,0.14505422457697,0.115200841872481,-0.115200841872481
"678",2014-12-19,0.140839337083844,0.113967124041825,-0.113967124041825
"679",2014-12-26,0.186667267047819,0.113476764485869,-0.113476764485869
"680",2015-01-02,0.221380255110799,0.114114255269716,-0.114114255269716
"681",2015-01-09,0.204750121226611,0.114743176791622,-0.114743176791622
"682",2015-01-16,0.173821244890393,0.115207215921381,-0.115207215921381
"683",2015-01-23,0.186747181802607,0.115799971768188,-0.115799971768188
"684",2015-01-30,0.186428298333917,0.116373904220782,-0.116373904220782
"685",2015-02-06,0.234323170522377,0.117473599304493,-0.117473599304493
"686",2015-02-13,0.22721169789171,0.118463956295878,-0.118463956295878
"687",2015-02-20,0.238812996884525,0.119555746218974,-0.119555746218974
"688",2015-02-27,0.262406047652912,0.120852202303665,-0.120852202303665
"689",2015-03-06,0.336839521712497,0.123065870638865,-0.123065870638865
"690",2015-03-13,0.38437639954339,0.126176846784093,-0.126176846784093
"691",2015-03-20,0.332683633415888,0.127869900158593,-0.127869900158593
"692",2015-03-27,0.297550222217164,0.129284426910946,-0.129284426910946
"693",2015-04-03,0.181708831030503,0.128948241327572,-0.128948241327572
"694",2015-04-10,0.293565583084897,0.129609168718844,-0.129609168718844
"695",2015-04-17,0.203803391123719,0.129066480434511,-0.129066480434511
"696",2015-04-24,0.166148938532443,0.128860625413897,-0.128860625413897
"697",2015-05-01,0.136198725583972,0.128732491583128,-0.128732491583128
"698",2015-05-08,0.0972646021760941,0.128076036583024,-0.128076036583024
"699",2015-05-15,0.0670277486526634,0.126210107517521,-0.126210107517521
"700",2015-05-22,0.140863096974248,0.124306365452901,-0.124306365452901
"701",2015-05-29,0.150758007143314,0.123282273192665,-0.123282273192665
"702",2015-06-05,0.172463214026073,0.123625153622259,-0.123625153622259
"703",2015-06-12,0.0842903179856006,0.123597842151033,-0.123597842151033
"704",2015-06-19,0.01480544454414,0.123149187657423,-0.123149187657423
"705",2015-06-26,0.0650077768331459,0.12281620324149,-0.12281620324149
"706",2015-07-03,0.00787693272749265,0.121314529460551,-0.121314529460551
"707",2015-07-10,0.0094250750112185,0.121360425094766,-0.121360425094766
"708",2015-07-17,0.0696257295746055,0.121029055716074,-0.121029055716074
"709",2015-07-24,0.0285152870884346,0.120996130101151,-0.120996130101151
"710",2015-07-31,0.0033508671806357,0.12104707282299,-0.12104707282299
"711",2015-08-07,0.068133682157653,0.121046296953121,-0.121046296953121
"712",2015-08-14,0.0694238986028715,0.120708136718889,-0.120708136718889
"713",2015-08-21,-0.0109196758346882,0.120443949479811,-0.120443949479811
"714",2015-08-28,-0.0513411316702522,0.120567058699674,-0.120567058699674
"715",2015-09-04,-0.0817126386605207,0.121092316198742,-0.121092316198742
"716",2015-09-11,-0.133728149724694,0.12231118716133,-0.12231118716133
"717",2015-09-18,-0.112257119789316,0.123083250185649,-0.123083250185649
"718",2015-09-25,-0.113092147286339,0.124026866209167,-0.124026866209167
"719",2015-10-02,-0.107613839808365,0.124974374447002,-0.124974374447002
"720",2015-10-09,-0.0794961717020499,0.125569289658679,-0.125569289658679
"721",2015-10-16,-0.171670347802166,0.127340121352601,-0.127340121352601
"722",2015-10-23,-0.118517348559458,0.128316778149467,-0.128316778149467
"723",2015-10-30,-0.147814666449654,0.129604708654952,-0.129604708654952
"724",2015-11-06,-0.0553609145100276,0.129833758390129,-0.129833758390129
"725",2015-11-13,-0.0748763558297243,0.130264561377896,-0.130264561377896
"726",2015-11-20,-0.0474208293053531,0.130535639048741,-0.130535639048741
"727",2015-11-27,-0.0395480290668276,0.130754573962093,-0.130754573962093
"728",2015-12-04,-0.0598258160427332,0.130979209694686,-0.130979209694686
"729",2015-12-11,-0.108269164570734,0.131745926096593,-0.131745926096593
"730",2015-12-18,-0.10870564723523,0.132492524086554,-0.132492524086554
"731",2015-12-25,-0.143045155302118,0.133606908004849,-0.133606908004849
"732",2016-01-01,-0.0813104839491393,0.13406108988857,-0.13406108988857
"733",2016-01-08,-0.106524075997827,0.134683735517862,-0.134683735517862
"734",2016-01-15,-0.125437656503634,0.135545721335907,-0.135545721335907
"735",2016-01-22,-0.0479571887290535,0.135730388911466,-0.135730388911466
"736",2016-01-29,0.0535788965756832,0.135668129630469,-0.135668129630469
"737",2016-02-05,-0.073138900480124,0.135987839826706,-0.135987839826706
"738",2016-02-12,-0.145526656254648,0.136854924144182,-0.136854924144182
"739",2016-02-19,-0.096622433281076,0.137376975568205,-0.137376975568205
"740",2016-02-26,-0.0463125171590215,0.137410657930991,-0.137410657930991
"741",2016-03-04,-0.124333970737934,0.138209150723388,-0.138209150723388
"742",2016-03-11,-0.0885486508018576,0.138568999878687,-0.138568999878687
"743",2016-03-18,-0.153282366591233,0.139636038011811,-0.139636038011811
"744",2016-03-25,-0.100737205680735,0.139829968826731,-0.139829968826731
"745",2016-04-01,-0.112656117646765,0.140180085298191,-0.140180085298191
"746",2016-04-08,-0.175351452443963,0.141135784135928,-0.141135784135928
"747",2016-04-15,-0.0810663922114935,0.141196779541022,-0.141196779541022
"748",2016-04-22,-0.102705514525926,0.141323584976123,-0.141323584976123
"749",2016-04-29,-0.225824918395105,0.142662558783111,-0.142662558783111
"750",2016-05-06,-0.225010296822685,0.143937279376356,-0.143937279376356
"751",2016-05-13,-0.215187111558547,0.144923046096784,-0.144923046096784
"752",2016-05-20,-0.203913141912357,0.14566213094448,-0.14566213094448
"753",2016-05-27,-0.248869359853159,0.14724092958491,-0.14724092958491
"754",2016-06-03,-0.345280935926054,0.150867648827752,-0.150867648827752
"755",2016-06-10,-0.276992581979232,0.153207152764304,-0.153207152764304
"756",2016-06-17,-0.373266015107559,0.157382090849223,-0.157382090849223
"757",2016-06-24,-0.301109009364337,0.159938461585845,-0.159938461585845
"758",2016-07-01,-0.277933551166676,0.161915567029951,-0.161915567029951
"759",2016-07-08,-0.277720330031845,0.163785844950601,-0.163785844950601
"760",2016-07-15,-0.214507943706707,0.164772795943071,-0.164772795943071
"761",2016-07-22,-0.205080463168847,0.165854104683807,-0.165854104683807
"762",2016-07-29,-0.286533219129643,0.168128628539233,-0.168128628539233
"763",2016-08-05,-0.236912111294659,0.169731392366593,-0.169731392366593
"764",2016-08-12,-0.209218534669556,0.170962494000637,-0.170962494000637
"765",2016-08-19,-0.210622018036556,0.172184323488086,-0.172184323488086
"766",2016-08-26,-0.163457354476056,0.17289370932451,-0.17289370932451
"767",2016-09-02,-0.193290198761467,0.173818782374277,-0.173818782374277
"768",2016-09-09,-0.223421952410944,0.174984296522866,-0.174984296522866
"769",2016-09-16,-0.182099491544163,0.175698870271643,-0.175698870271643
"770",2016-09-23,-0.189793356452877,0.176415737133369,-0.176415737133369
"771",2016-09-30,-0.164771620585499,0.176736924385088,-0.176736924385088
"772",2016-10-07,-0.089563670533395,0.176789982736256,-0.176789982736256
"773",2016-10-14,-0.0269643221089418,0.176694400219653,-0.176694400219653
"774",2016-10-21,-0.00318134667943304,0.176543838784005,-0.176543838784005
"775",2016-10-28,-0.0113966369668396,0.17592977213004,-0.17592977213004
"776",2016-11-04,-0.0701546593859301,0.175499378746437,-0.175499378746437
"777",2016-11-11,-0.0571198755362527,0.174053925485945,-0.174053925485945
"778",2016-11-18,0.00260186962664068,0.172448425015371,-0.172448425015371
"779",2016-11-25,0.0121892228945848,0.170997985380622,-0.170997985380622
"780",2016-12-02,-0.0275611860284278,0.168926630762941,-0.168926630762941
"781",2016-12-09,0.0385050321691825,0.168165142970124,-0.168165142970124
"782",2016-12-16,0.0729298133650622,0.167615298590756,-0.167615298590756
"783",2016-12-23,0.0560956736840242,0.166435351886023,-0.166435351886023
"784",2016-12-30,0.0637770475162054,0.164790334248571,-0.164790334248571
"785",2017-01-06,0.074711026537933,0.163431874326783,-0.163431874326783
"786",2017-01-13,0.0927010405381831,0.162605118823836,-0.162605118823836
"787",2017-01-20,0.101817915687912,0.161674743491979,-0.161674743491979
"788",2017-01-27,0.12670594459879,0.160970535026428,-0.160970535026428
"789",2017-02-03,0.0332657861946533,0.158841476538917,-0.158841476538917
"790",2017-02-10,0.0715374588469829,0.157006784520914,-0.157006784520914
"791",2017-02-17,0.0755687059989602,0.154963967222267,-0.154963967222267
"792",2017-02-24,-0.00463168070097849,0.152011052647156,-0.152011052647156
"793",2017-03-03,0.00970429282192306,0.147298343681755,-0.147298343681755
"794",2017-03-10,-0.0035256001959232,0.140957910262829,-0.140957910262829
"795",2017-03-17,-0.0281921951103566,0.135687554239847,-0.135687554239847
"796",2017-03-24,-0.0594296649523478,0.13105319479076,-0.13105319479076
"797",2017-03-31,-0.0738433036665274,0.12883539544984,-0.12883539544984
"798",2017-04-07,-0.0802971988531499,0.123898283712055,-0.123898283712055
"799",2017-04-14,-0.0988847979846842,0.120995245275915,-0.120995245275915
"800",2017-04-21,-0.118580708013876,0.118802430566808,-0.118802430566808
"801",2017-04-28,-0.124170229316473,0.117088702748455,-0.117088702748455
"802",2017-05-05,-0.0870301182935305,0.11584120594008,-0.11584120594008
"803",2017-05-12,-0.100342111334719,0.114980700049463,-0.114980700049463
"804",2017-05-19,-0.163725453446174,0.113202329554997,-0.113202329554997
"805",2017-05-26,-0.112211061290741,0.110876980809035,-0.110876980809035
"806",2017-06-02,-0.124744377287928,0.107994408332186,-0.107994408332186
"807",2017-06-09,-0.0623711756449766,0.106687009553323,-0.106687009553323
"808",2017-06-16,-0.0479161876553396,0.106274966402857,-0.106274966402857
"809",2017-06-23,-0.0402747991985139,0.105291490890951,-0.105291490890951
"810",2017-06-30,-0.0685395648719308,0.104868180386158,-0.104868180386158
"811",2017-07-07,-0.0523746404864388,0.10446991855704,-0.10446991855704
"812",2017-07-14,-0.059450893856211,0.103300329698461,-0.103300329698461
"813",2017-07-21,-0.0604394595593981,0.102654933792727,-0.102654933792727
"814",2017-07-28,-0.073968022265125,0.102226930670721,-0.102226930670721
"815",2017-08-04,-0.0479797464637221,0.101065487197284,-0.101065487197284
"816",2017-08-11,-0.0425252863028505,0.0998843018963032,-0.0998843018963032
"817",2017-08-18,-0.0137760165266797,0.0998609924620454,-0.0998609924620454
"818",2017-08-25,-0.0382477843987838,0.0999264667892698,-0.0999264667892698
"819",2017-09-01,0.0119137116228583,0.100478319418174,-0.100478319418174
"820",2017-09-08,-0.025620236192617,0.100635810205951,-0.100635810205951
"821",2017-09-15,-0.0422723768147326,0.100748107970342,-0.100748107970342
"822",2017-09-22,-0.0243300529498762,0.100956877270013,-0.100956877270013
"823",2017-09-29,-0.0252823431372477,0.101161518952438,-0.101161518952438
"824",2017-10-06,0.0131642018692087,0.101678770071446,-0.101678770071446
"825",2017-10-13,-0.0247730086901136,0.10156798598258,-0.10156798598258
"826",2017-10-20,0.0339573275964097,0.1022450395509,-0.1022450395509
"827",2017-10-27,-0.00897283260763896,0.102364864615245,-0.102364864615245
"828",2017-11-03,0.00455290332623773,0.102711638445549,-0.102711638445549
"829",2017-11-10,0.00540215017400087,0.103098829935211,-0.103098829935211
"830",2017-11-17,-0.0285408500689204,0.103183069955835,-0.103183069955835
"831",2017-11-24,-0.0542501245196692,0.103129849035438,-0.103129849035438
"832",2017-12-01,-0.0535442574511324,0.103146829459128,-0.103146829459128
"833",2017-12-08,-0.0234581894728027,0.10329919270042,-0.10329919270042
"834",2017-12-15,-0.00911137190698629,0.103534519514348,-0.103534519514348
"835",2017-12-22,-0.0264484479178502,0.103515835632534,-0.103515835632534
"836",2017-12-29,-0.022434740580162,0.103683136304795,-0.103683136304795
"837",2018-01-05,-0.0103654662378971,0.103890064593804,-0.103890064593804
"838",2018-01-12,0.00318895223286127,0.10412112956452,-0.10412112956452
"839",2018-01-19,0.0421845411368798,0.104761574762483,-0.104761574762483
"840",2018-01-26,0.043848195224642,0.104646403852313,-0.104646403852313
"841",2018-02-02,0.0983971756150707,0.106081308323302,-0.106081308323302
"842",2018-02-09,0.0820900638966545,0.107004617609828,-0.107004617609828
"843",2018-02-16,0.0202972642974816,0.107390216969927,-0.107390216969927
"844",2018-02-23,0.0527173675892367,0.108075088021446,-0.108075088021446
"845",2018-03-02,0.0406230640642242,0.108524844382647,-0.108524844382647
"846",2018-03-09,0.0613506386455689,0.109288634514963,-0.109288634514963
"847",2018-03-16,0.0336068790397688,0.10944290671392,-0.10944290671392
"848",2018-03-23,-0.00335381651672725,0.109578663084605,-0.109578663084605
"849",2018-03-30,0.0315575803517588,0.109911124984405,-0.109911124984405
"850",2018-04-06,0.037259974186355,0.10983310129007,-0.10983310129007
"851",2018-04-13,0.0415884713717301,0.110304177623633,-0.110304177623633
"852",2018-04-20,0.0518206215652552,0.110799582826502,-0.110799582826502
"853",2018-04-27,0.0578211408547465,0.110197461328976,-0.110197461328976
"854",2018-05-04,0.100043879003025,0.11003788801815,-0.11003788801815
"855",2018-05-11,0.0791461064984017,0.109671550026771,-0.109671550026771
"856",2018-05-18,0.127653619650508,0.110046572064942,-0.110046572064942
"857",2018-05-25,0.136294725810634,0.109746968363259,-0.109746968363259
"858",2018-06-01,0.0865000077001911,0.106417774548847,-0.106417774548847
"859",2018-06-08,0.0892816971278419,0.104593072067553,-0.104593072067553
"860",2018-06-15,0.119659378389631,0.100332687611717,-0.100332687611717
"861",2018-06-22,0.0952572964316533,0.0975472983923924,-0.0975472983923924
"862",2018-06-29,0.0640647110005531,0.094814089406954,-0.094814089406954
"863",2018-07-06,0.0315011395581928,0.0916428782505407,-0.0916428782505407
"864",2018-07-13,0.0553991076116633,0.0899776454730704,-0.0899776454730704
"865",2018-07-20,0.00428447811325277,0.0881321298491226,-0.0881321298491226
"866",2018-07-27,-0.0205650054170054,0.0840440543084555,-0.0840440543084555
"867",2018-08-03,-0.00599181923992939,0.0811510605439294,-0.0811510605439294
"868",2018-08-10,0.0288184963058176,0.0789106172095927,-0.0789106172095927
"869",2018-08-17,0.0108771186869821,0.0764335551497686,-0.0764335551497686
"870",2018-08-24,0.0505732931247137,0.0751136316895359,-0.0751136316895359
"871",2018-08-31,0.0467595243999771,0.0730008084918885,-0.0730008084918885
"872",2018-09-07,0.0637764934855003,0.0700286285067835,-0.0700286285067835
"873",2018-09-14,0.0626760965445615,0.0680082634393278,-0.0680082634393278
"874",2018-09-21,0.0682916964949871,0.0656791589705195,-0.0656791589705195
"875",2018-09-28,0.0821625504826162,0.0640111962145678,-0.0640111962145678
"876",2018-10-05,0.101598807975383,0.064014123477625,-0.064014123477625
"877",2018-10-12,0.0605205521262015,0.0641403392803409,-0.0641403392803409
"878",2018-10-19,0.0719765842633102,0.0644395179264343,-0.0644395179264343
"879",2018-10-26,0.037392950093797,0.0644715895160742,-0.0644715895160742
"880",2018-11-02,0.0756789922344326,0.0643219136894038,-0.0643219136894038
"881",2018-11-09,0.0545610978828292,0.0641178343426735,-0.0641178343426735
"882",2018-11-16,0.044464989040447,0.0641937765961733,-0.0641937765961733
"883",2018-11-23,-0.00612303082492021,0.0642176628574113,-0.0642176628574113
"884",2018-11-30,0.00448059062673899,0.0641048600439118,-0.0641048600439118
"885",2018-12-07,0.0352620976990705,0.0640925704845274,-0.0640925704845274
"886",2018-12-14,0.0714181430012909,0.0640787534515969,-0.0640787534515969
"887",2018-12-21,-0.019130421360331,0.0639987977011392,-0.0639987977011392
"888",2018-12-28,-0.0598109162210668,0.064158579846865,-0.064158579846865
"889",2019-01-04,-0.0495446465184483,0.0640972784339564,-0.0640972784339564
"890",2019-01-11,0.00844947089640273,0.0635557780537629,-0.0635557780537629
"891",2019-01-18,0.049723005316455,0.0630114777868184,-0.0630114777868184
"892",2019-01-25,0.00809058562461763,0.0618949220476704,-0.0618949220476704
"893",2019-02-01,0.0547745419680372,0.0620217868723816,-0.0620217868723816
"894",2019-02-08,0.0542370612355725,0.0618686190341932,-0.0618686190341932
"895",2019-02-15,0.0796651214069343,0.0619144237689094,-0.0619144237689094
"896",2019-02-22,0.0500475334009278,0.0620522257233714,-0.0620522257233714
"897",2019-03-01,0.0327122743944116,0.0621033817032312,-0.0621033817032312
"898",2019-03-08,0.019661584116895,0.0621064775619366,-0.0621064775619366
"899",2019-03-15,-0.0322387748407913,0.0621302082493707,-0.0621302082493707
"900",2019-03-22,-0.0351506236776608,0.0619223567732808,-0.0619223567732808
"901",2019-03-29,0.00612264684826694,0.061396487298281,-0.061396487298281
"902",2019-04-05,-0.00793994244594721,0.0607898653707704,-0.0607898653707704
"903",2019-04-12,0.00219150901406249,0.0598492527181714,-0.0598492527181714
"904",2019-04-19,0.00130423767266291,0.0584885652383179,-0.0584885652383179
"905",2019-04-26,0.006755847114873,0.0569369916525326,-0.0569369916525326
"906",2019-05-03,-0.0487843183407096,0.0564098310879677,-0.0564098310879677
"907",2019-05-10,-0.0304106749040496,0.0554575919407079,-0.0554575919407079
"908",2019-05-17,-0.000618378406031373,0.052634078872978,-0.052634078872978
"909",2019-05-24,-0.0327108641207381,0.0513301027375939,-0.0513301027375939
"910",2019-05-31,-0.0165092827760368,0.049519396100669,-0.049519396100669
"911",2019-06-07,-0.0509634459995641,0.049354724063154,-0.049354724063154
"912",2019-06-14,-0.0072430586854521,0.0489960452762111,-0.0489960452762111
"913",2019-06-21,-0.0568343569089518,0.049211344602854,-0.049211344602854
"914",2019-06-28,-0.0293152632612181,0.0486960587226135,-0.0486960587226135
"915",2019-07-05,-0.00837328795731861,0.0482723699848455,-0.0482723699848455
"916",2019-07-12,-0.0153072950847475,0.0477769475506606,-0.0477769475506606
"917",2019-07-19,0.0280408562553172,0.0471439429242126,-0.0471439429242126
"918",2019-07-26,0.0420916247911729,0.0462829309020582,-0.0462829309020582
"919",2019-08-02,0.0337394746796782,0.0458034182310998,-0.0458034182310998
"920",2019-08-09,0.0709780705540248,0.0456245574663536,-0.0456245574663536
"921",2019-08-16,0.0626351406740633,0.0456549586132727,-0.0456549586132727
"922",2019-08-23,0.0532636639276209,0.0453452941858573,-0.0453452941858573
"923",2019-08-30,0.036536864844678,0.045346877742343,-0.045346877742343
"924",2019-09-06,0.0519038532017896,0.045159362547623,-0.045159362547623
"925",2019-09-13,0.025609652025988,0.0446685835900633,-0.0446685835900633
"926",2019-09-20,0.00923238321606098,0.0444260905595565,-0.0444260905595565
"927",2019-09-27,0.0158838049628059,0.0441493897531971,-0.0441493897531971
"928",2019-10-04,-0.00180906120925292,0.0442165444159926,-0.0442165444159926
"929",2019-10-11,-0.0139933041521584,0.0441088340826676,-0.0441088340826676
"930",2019-10-18,-0.0581952681126346,0.0448689151514087,-0.0448689151514087
"931",2019-10-25,-0.0510682788623898,0.0453675890941956,-0.0453675890941956
"932",2019-11-01,-0.0511495313585006,0.0459345491835337,-0.0459345491835337
"933",2019-11-08,-0.0134499745976813,0.0460468827675228,-0.0460468827675228
"934",2019-11-15,-0.0288009571384782,0.0460497773336144,-0.0460497773336144
"935",2019-11-22,-0.0245554492417046,0.04564952145073,-0.04564952145073
"936",2019-11-29,-0.0181497827462667,0.045192469218862,-0.045192469218862
"937",2019-12-06,-0.0678762304889681,0.0458573470299368,-0.0458573470299368
"938",2019-12-13,-0.076662450049398,0.0468039334549891,-0.0468039334549891
"939",2019-12-20,-0.0350080657609931,0.0469003282357959,-0.0469003282357959
"940",2019-12-27,-0.0135015597309145,0.0468233599388906,-0.0468233599388906
"941",2020-01-03,-0.0221566550981173,0.046920727873452,-0.046920727873452
"942",2020-01-10,-0.02320698734563,0.0471029670850771,-0.0471029670850771
"943",2020-01-17,-0.00827603555000917,0.04716635077901,-0.04716635077901
"944",2020-01-24,-0.0491930298135716,0.0476433990854451,-0.0476433990854451
"945",2020-01-31,-0.0878993605299913,0.0482383920718237,-0.0482383920718237
"946",2020-02-07,0.0371720441583725,0.0478779304100171,-0.0478779304100171
"947",2020-02-14,0.0684881942384921,0.048116452570739,-0.048116452570739
"948",2020-02-21,0.0276069287079855,0.0480143648244914,-0.0480143648244914
"949",2020-02-28,-0.0299537700387131,0.048217155268524,-0.048217155268524
"950",2020-03-06,-0.0222561880923494,0.0482051364015669,-0.0482051364015669
"951",2020-03-13,0.0198137981911514,0.0481819478517887,-0.0481819478517887
"952",2020-03-20,0.067621691507317,0.0483745484987986,-0.0483745484987986
"953",2020-03-27,-0.00608172596722328,0.0484203230583599,-0.0484203230583599
"954",2020-04-03,0.00222250935162721,0.0484112570091283,-0.0484112570091283
"955",2020-04-10,0.0294733209722867,0.0483691893471749,-0.0483691893471749
"956",2020-04-17,0.0389305864039544,0.0482985777071695,-0.0482985777071695
"957",2020-04-24,0.0815572730753067,0.0485438357721622,-0.0485438357721622
"958",2020-05-01,0.0580115519493265,0.0480286490930915,-0.0480286490930915
"959",2020-05-08,0.0663819648680238,0.0478866328668112,-0.0478866328668112
"960",2020-05-15,0.140193138590816,0.04818094143642,-0.04818094143642
"961",2020-05-22,0.16221697784115,0.0488618033006816,-0.0488618033006816
"962",2020-05-29,0.133556049415168,0.0497116947700075,-0.0497116947700075
"963",2020-06-05,0.171487177105109,0.0514695004814988,-0.0514695004814988
"964",2020-06-12,0.17426185439782,0.0527647883239285,-0.0527647883239285
"965",2020-06-19,0.212664250069138,0.0555743085916628,-0.0555743085916628
"966",2020-06-26,0.179102726168281,0.0575493238865304,-0.0575493238865304
"967",2020-07-03,0.177532141919562,0.0595280181098108,-0.0595280181098108
"968",2020-07-10,0.174201172752302,0.0612603871683062,-0.0612603871683062
"969",2020-07-17,0.165301341577113,0.0627567889842694,-0.0627567889842694
"970",2020-07-24,0.118040297171065,0.0632238004533749,-0.0632238004533749
"971",2020-07-31,0.126287868962586,0.0638698768080615,-0.0638698768080615
"972",2020-08-07,0.147388898106294,0.0649195667427131,-0.0649195667427131
"973",2020-08-14,0.150155657107687,0.065950570058057,-0.065950570058057
"974",2020-08-21,0.130384740794509,0.066637849281295,-0.066637849281295
"975",2020-08-28,0.102007496794613,0.0669755123302789,-0.0669755123302789
"976",2020-09-04,0.121944802902504,0.0674794342951852,-0.0674794342951852
"977",2020-09-11,0.202455476397157,0.0694368284106121,-0.0694368284106121
"978",2020-09-18,0.191939025395026,0.0710606660525678,-0.0710606660525678
"979",2020-09-25,0.162292949315152,0.0719977233457143,-0.0719977233457143
"980",2020-10-02,0.119447132178518,0.0721755616263874,-0.0721755616263874
"981",2020-10-09,0.156156842728839,0.0730864284130098,-0.0730864284130098
"982",2020-10-16,0.130885294677301,0.0735824419406178,-0.0735824419406178
"983",2020-10-23,0.132135352484547,0.0741576592278743,-0.0741576592278743
"984",2020-10-30,0.171205802366962,0.07520034433186,-0.07520034433186
"985",2020-11-06,0.179336528661217,0.0764212602840122,-0.0764212602840122
"986",2020-11-13,0.216439704520793,0.0783305794493223,-0.0783305794493223
"987",2020-11-20,0.210710032810338,0.0798861239489027,-0.0798861239489027
"988",2020-11-27,0.20333577823019,0.0812774161795081,-0.0812774161795081
"989",2020-12-04,0.214050639160136,0.0829056328847964,-0.0829056328847964
"990",2020-12-11,0.271867078897631,0.0857253767230759,-0.0857253767230759
"991",2020-12-18,0.237508453819128,0.0873810800876126,-0.0873810800876126
"992",2020-12-25,0.211561867218747,0.0880318290832343,-0.0880318290832343
"993",2021-01-01,0.208942438855974,0.0886833526258402,-0.0886833526258402
"994",2021-01-08,0.262326738948923,0.0907755655642288,-0.0907755655642288
"995",2021-01-15,0.258022497109437,0.0928118527710546,-0.0928118527710546
"996",2021-01-22,0.24849238393956,0.0944246146339157,-0.0944246146339157
"997",2021-01-29,0.264337195365103,0.096424355141724,-0.096424355141724
"998",2021-02-05,0.274174030181298,0.0985354587273138,-0.0985354587273138
"999",2021-02-12,0.243534033593695,0.100008651455634,-0.100008651455634
"1000",2021-02-19,0.247751912486034,0.10148492909429,-0.10148492909429
"1001",2021-02-26,0.275755476480887,0.103344279694551,-0.103344279694551
"1002",2021-03-05,0.291916208156933,0.105365021278289,-0.105365021278289
"1003",2021-03-12,0.280416012190847,0.106661124956615,-0.106661124956615
"1004",2021-03-19,0.249826313736339,0.107324209478047,-0.107324209478047
"1005",2021-03-26,0.210223030406836,0.107768726175339,-0.107768726175339
"1006",2021-04-02,0.210043682920568,0.10806240974817,-0.10806240974817
"1007",2021-04-09,0.214157078490106,0.108443199613381,-0.108443199613381
"1008",2021-04-16,0.212273394049676,0.108756507783187,-0.108756507783187
"1009",2021-04-23,0.178340803552268,0.10876465948418,-0.10876465948418
"1010",2021-04-30,0.228085589631103,0.108652855218996,-0.108652855218996
"1011",2021-05-07,0.193069031697063,0.108347927585903,-0.108347927585903
"1012",2021-05-14,0.200391540725929,0.108370765786002,-0.108370765786002
"1013",2021-05-21,0.168307773547693,0.107779308894596,-0.107779308894596
"1014",2021-05-28,0.143174418569452,0.107217535553866,-0.107217535553866
"1015",2021-06-04,0.161553194772989,0.106274678894744,-0.106274678894744
"1016",2021-06-11,0.191823838522995,0.106024087518979,-0.106024087518979
"1017",2021-06-18,0.225999768116856,0.105406197055086,-0.105406197055086
"1018",2021-06-25,0.20856123487708,0.104939550085352,-0.104939550085352
"1019",2021-07-02,0.188301141288603,0.104520223629072,-0.104520223629072
"1020",2021-07-09,0.151428634854503,0.103795206266117,-0.103795206266117
"1021",2021-07-16,0.164018616200695,0.103538780987661,-0.103538780987661
"1022",2021-07-23,0.15144700904395,0.103327578240635,-0.103327578240635
"1023",2021-07-30,0.106515915373596,0.102998186740458,-0.102998186740458
"1024",2021-08-06,0.0748758690011021,0.102981408491168,-0.102981408491168
"1025",2021-08-13,0.0741738011589587,0.102926720817118,-0.102926720817118
"1026",2021-08-20,0.0608406022864926,0.102882611514503,-0.102882611514503
"1027",2021-08-27,0.0806273448037821,0.102630907177179,-0.102630907177179
"1028",2021-09-03,0.0964140694025344,0.102440112094489,-0.102440112094489
"1029",2021-09-10,0.0909680938164516,0.10205739780913,-0.10205739780913
"1030",2021-09-17,0.0513832841249345,0.101695201035336,-0.101695201035336
"1031",2021-09-24,0.0874312107971841,0.10122029695452,-0.10122029695452
"1032",2021-10-01,0.105089934443044,0.100497526012349,-0.100497526012349
"1033",2021-10-08,0.109724103410508,0.0995956160279736,-0.0995956160279736
"1034",2021-10-15,0.158580922727874,0.0980101145146219,-0.0980101145146219
"1035",2021-10-22,0.177414336237655,0.0965600817893021,-0.0965600817893021
"1036",2021-10-29,0.208508519333348,0.0952342902873003,-0.0952342902873003
"1037",2021-11-05,0.168708974862629,0.0942335258038095,-0.0942335258038095
"1038",2021-11-12,0.216435035679771,0.09323081523229,-0.09323081523229
"1039",2021-11-19,0.229472498664139,0.0923474880591882,-0.0923474880591882
"1040",2021-11-26,0.193617948392624,0.0912230662999162,-0.0912230662999162
"1041",2021-12-03,0.147729394111224,0.0888973983073034,-0.0888973983073034
"1042",2021-12-10,0.21634235466257,0.0865433164372256,-0.0865433164372256
"1043",2021-12-17,0.233539937942062,0.0851503441799129,-0.0851503441799129
"1044",2021-12-24,0.187739101301541,0.0837560008524931,-0.0837560008524931
"1045",2021-12-31,0.153334847678618,0.0820375049695775,-0.0820375049695775
"1046",2022-01-07,0.121458283187666,0.0802789756422861,-0.0802789756422861
"1047",2022-01-14,0.118759817631939,0.0787776936825756,-0.0787776936825756
"1048",2022-01-21,0.119317265380196,0.0762790822029858,-0.0762790822029858
"1049",2022-01-28,0.121883802015449,0.0724925147242093,-0.0724925147242093
"1050",2022-02-04,0.104819378539624,0.0717125799136241,-0.0717125799136241
"1051",2022-02-11,0.165180219945174,0.071179441175423,-0.071179441175423
"1052",2022-02-18,0.193761063339212,0.070083412319936,-0.070083412319936
"1053",2022-02-25,0.243329892371206,0.068004516602769,-0.068004516602769
"1054",2022-03-04,0.348714372525769,0.0679698472524307,-0.0679698472524307
"1055",2022-03-11,0.323416711426726,0.0681642224437633,-0.0681642224437633
"1056",2022-03-18,0.296661959516912,0.0685693121422836,-0.0685693121422836
"1057",2022-03-25,0.330762969817054,0.068087463886146,-0.068087463886146
"1058",2022-04-01,0.331142308855694,0.0676675062942145,-0.0676675062942145
"1059",2022-04-08,0.355141114019467,0.0682977679417562,-0.0682977679417562
"1060",2022-04-15,0.314270643093517,0.0681000278571471,-0.0681000278571471
"1061",2022-04-22,0.275409427010814,0.0679501342017243,-0.0679501342017243
"1062",2022-04-29,0.267879539438858,0.0672600549790705,-0.0672600549790705
"1063",2022-05-06,0.27917245303576,0.0667947374669014,-0.0667947374669014
"1064",2022-05-13,0.202191174938657,0.0666323052769855,-0.0666323052769855
"1065",2022-05-20,0.210519775735846,0.0666086738494106,-0.0666086738494106
"1066",2022-05-27,0.180425499831385,0.0663815306924931,-0.0663815306924931
"1067",2022-06-03,0.260065907088496,0.0667038814579289,-0.0667038814579289
"1068",2022-06-10,0.284320692360945,0.0673019476108146,-0.0673019476108146
"1069",2022-06-17,0.245908859290589,0.067478240491969,-0.067478240491969
"1070",2022-06-24,0.221143721036845,0.067522280476559,-0.067522280476559
"1071",2022-07-01,0.253691765558085,0.0677649880856223,-0.0677649880856223
"1072",2022-07-08,0.257299556631791,0.0680213812523872,-0.0680213812523872
"1073",2022-07-15,0.213021257572562,0.0679829443398592,-0.0679829443398592
"1074",2022-07-22,0.158028465400056,0.0676555557832339,-0.0676555557832339
"1075",2022-07-29,0.0687269749241597,0.0684572648494917,-0.0684572648494917
"1076",2022-08-05,0.158579588234084,0.0683906812526197,-0.0683906812526197
"1077",2022-08-12,0.181368732479663,0.0682604677699884,-0.0682604677699884
"1078",2022-08-19,0.220513334963025,0.0680003163819187,-0.0680003163819187
"1079",2022-08-26,0.204825524557829,0.0673629314914812,-0.0673629314914812
"1080",2022-09-02,0.199969607661549,0.066950714962388,-0.066950714962388
"1081",2022-09-09,0.218191630187367,0.0669789395604842,-0.0669789395604842
"1082",2022-09-16,0.149289819911283,0.0671469343464457,-0.0671469343464457
"1083",2022-09-23,0.211114770560134,0.0670681878644644,-0.0670681878644644
"1084",2022-09-30,0.146126409047952,0.0668150192947332,-0.0668150192947332
"1085",2022-10-07,0.177150904039987,0.066717967476973,-0.066717967476973
"1086",2022-10-14,-0.00605959265830237,0.0693651975302667,-0.0693651975302667
"1087",2022-10-21,-0.0768224449714529,0.0741315284781,-0.0741315284781
"1088",2022-10-28,-0.094009011203818,0.0793440990582882,-0.0793440990582882
"1089",2022-11-04,-0.0439262464784712,0.0826594130308798,-0.0826594130308798
"1090",2022-11-11,-0.108877356391565,0.0876725357563875,-0.0876725357563875
"1091",2022-11-18,-0.0305058595844747,0.0902038893602674,-0.0902038893602674
"1092",2022-11-25,-0.00945318243180207,0.0921773797744493,-0.0921773797744493
"1093",2022-12-02,-0.0504535413315112,0.0949213352258974,-0.0949213352258974
"1094",2022-12-09,0.0247770423724875,0.095700986298897,-0.095700986298897
"1095",2022-12-16,0.018405503836076,0.0967862094277725,-0.0967862094277725
"1096",2022-12-23,-0.0267250309156564,0.0987370833429055,-0.0987370833429055
"1097",2022-12-30,-0.034590864670523,0.100760550528249,-0.100760550528249
"1098",2023-01-06,0.0404733359230683,0.101163844089268,-0.101163844089268
"1099",2023-01-13,0.0351401651852985,0.101624489061486,-0.101624489061486
"1100",2023-01-20,0.0321968637122233,0.102154370274691,-0.102154370274691
"1101",2023-01-27,0.0642582198716435,0.102149708259723,-0.102149708259723
"1102",2023-02-03,0.122554228266728,0.101629567753085,-0.101629567753085
"1103",2023-02-10,0.0612105582256681,0.101775489251447,-0.101775489251447
"1104",2023-02-17,0.00529606106938506,0.102517300269402,-0.102517300269402
"1105",2023-02-24,0.0155963431212505,0.102778662894138,-0.102778662894138
"1106",2023-03-03,-0.0288724784000157,0.103442648809775,-0.103442648809775
"1107",2023-03-10,-0.10556956648729,0.105689095949591,-0.105689095949591
"1108",2023-03-17,-0.062864637585818,0.107208222410564,-0.107208222410564
"1109",2023-03-24,-0.106310811770666,0.109807218892708,-0.109807218892708
"1110",2023-03-31,-0.101098891898357,0.11215438978962,-0.11215438978962
"1111",2023-04-07,-0.109905901461948,0.11452848509173,-0.11452848509173
"1112",2023-04-14,-0.100791275737836,0.116602218212562,-0.116602218212562
"1113",2023-04-21,-0.106084773447053,0.118844389692993,-0.118844389692993
"1114",2023-04-28,-0.128800832541398,0.121125447079548,-0.121125447079548
"1115",2023-05-05,-0.136386169173908,0.123660190475474,-0.123660190475474
"1116",2023-05-12,-0.104358354242355,0.125424533270155,-0.125424533270155
"1117",2023-05-19,-0.108846831660572,0.127335555242975,-0.127335555242975
"1118",2023-05-26,-0.14890770706336,0.129972084899809,-0.129972084899809
"1119",2023-06-02,-0.146905568006598,0.132404117661542,-0.132404117661542
"1120",2023-06-09,-0.194602753960649,0.135538045039049,-0.135538045039049
"1121",2023-06-16,-0.198194980526229,0.138326741417818,-0.138326741417818
"1122",2023-06-23,-0.231699748353457,0.141806773410418,-0.141806773410418
"1123",2023-06-30,-0.266332005033869,0.14601427486259,-0.14601427486259
"1124",2023-07-07,-0.284190299349824,0.150584852746018,-0.150584852746018
"1125",2023-07-14,-0.303756556602366,0.155318155278798,-0.155318155278798
"1126",2023-07-21,-0.271919684060352,0.159121944793553,-0.159121944793553
"1127",2023-07-28,-0.249667406901909,0.162414779233894,-0.162414779233894
"1128",2023-08-04,-0.265696570185202,0.165910792571565,-0.165910792571565
"1129",2023-08-11,-0.240612682096274,0.168800300645368,-0.168800300645368
"1130",2023-08-18,-0.296466157578513,0.17265260350807,-0.17265260350807
"1131",2023-08-25,-0.281441168818111,0.176054380901914,-0.176054380901914
"1132",2023-09-01,-0.273896111359023,0.179162408762221,-0.179162408762221
"1133",2023-09-08,-0.276542762245202,0.18220430360031,-0.18220430360031
"1134",2023-09-15,-0.256611795327505,0.18482148451659,-0.18482148451659
"1135",2023-09-22,-0.255387868063843,0.187305315631864,-0.187305315631864
"1136",2023-09-29,-0.268129196661024,0.189859894346611,-0.189859894346611
"1137",2023-10-06,-0.342670517958754,0.193615219821158,-0.193615219821158
"1138",2023-10-13,-0.28828793471786,0.19602019202111,-0.19602019202111
"1139",2023-10-20,-0.306786098466329,0.198483245190239,-0.198483245190239
"1140",2023-10-27,-0.296716111193199,0.200401828230407,-0.200401828230407
"1141",2023-11-03,-0.273916215596119,0.20215155518541,-0.20215155518541
"1142",2023-11-10,-0.277107059268825,0.203455410432263,-0.203455410432263
"1143",2023-11-17,-0.255550161960952,0.204221978669932,-0.204221978669932
"1144",2023-11-24,-0.268185960366473,0.205379546728627,-0.205379546728627
"1145",2023-12-01,-0.268529185671001,0.206786981221556,-0.206786981221556
"1146",2023-12-08,-0.273401767258549,0.207602668666044,-0.207602668666044
"1147",2023-12-15,-0.280739559437505,0.208221952541384,-0.208221952541384
"1148",2023-12-22,-0.264968931539874,0.208983701298364,-0.208983701298364
"1149",2023-12-29,-0.22975201237024,0.209547622069683,-0.209547622069683
"1150",2024-01-05,-0.26056102255794,0.210596241738106,-0.210596241738106
"1151",2024-01-12,-0.295793099892647,0.212015808928954,-0.212015808928954
"1152",2024-01-19,-0.306420005110413,0.213483112648262,-0.213483112648262
"1153",2024-01-26,-0.313862885608148,0.214941015222313,-0.214941015222313
"1154",2024-02-02,-0.296444749298205,0.216199170733522,-0.216199170733522
"1155",2024-02-09,-0.335747240815806,0.217427336939173,-0.217427336939173
"1156",2024-02-16,-0.326481667782692,0.218144434918623,-0.218144434918623
"1157",2024-02-23,-0.356994693571191,0.21857163239138,-0.21857163239138
"1158",2024-03-01,-0.331596736168104,0.216886686484458,-0.216886686484458
"1159",2024-03-08,-0.354118595390497,0.215726164982003,-0.215726164982003
"1160",2024-03-15,-0.351749154280788,0.21478024435647,-0.21478024435647
"1161",2024-03-22,-0.330163496666928,0.212784761348177,-0.212784761348177
"1162",2024-03-29,-0.327652906082081,0.210540398152819,-0.210540398152819
"1163",2024-04-05,-0.339614147235916,0.207740991268281,-0.207740991268281
"1164",2024-04-12,-0.284309172844986,0.204917830942066,-0.204917830942066
"1165",2024-04-19,-0.308094220582224,0.202845171890757,-0.202845171890757
"1166",2024-04-26,-0.248190820263108,0.200208130295185,-0.200208130295185
"1167",2024-05-03,-0.31823428344855,0.197817011498981,-0.197817011498981
"1168",2024-05-10,-0.255093530252155,0.196008917480845,-0.196008917480845
"1169",2024-05-17,-0.241075061188446,0.193855581090327,-0.193855581090327
"1170",2024-05-24,-0.279728316335501,0.192334423563404,-0.192334423563404
"1171",2024-05-31,-0.256826172206346,0.189131957436177,-0.189131957436177
"1172",2024-06-07,-0.252507217788268,0.185203716327078,-0.185203716327078
"1173",2024-06-14,-0.259645662780615,0.181906511117594,-0.181906511117594
"1174",2024-06-21,-0.211293790193995,0.178655282999137,-0.178655282999137
"1175",2024-06-28,-0.200674816401469,0.174522079714248,-0.174522079714248
"1176",2024-07-05,-0.218129966482896,0.170156348600734,-0.170156348600734
"1177",2024-07-12,-0.240849282271104,0.166650822170285,-0.166650822170285
"1178",2024-07-19,-0.257771981283707,0.164156640537613,-0.164156640537613
"1179",2024-07-26,-0.311899779403202,0.163382483138353,-0.163382483138353
"1180",2024-08-02,-0.319086189635233,0.161102400488995,-0.161102400488995
"1181",2024-08-09,-0.267610641499914,0.157784671605515,-0.157784671605515
"1182",2024-08-16,-0.274293668110709,0.153396524912666,-0.153396524912666
"1183",2024-08-23,-0.274241413150242,0.149122740395789,-0.149122740395789
"1184",2024-08-30,-0.167831370634308,0.144406571080005,-0.144406571080005
"1185",2024-09-06,-0.230782704395155,0.139011304489823,-0.139011304489823
