"","date","SGD","portfolio_ret","Long USDSGD Ret","Short USDSGD Ret","Long USDSGD","Short USDSGD"
"1",2007-01-12,0,0,0,0,1,1
"2",2007-01-19,0,0,0,0,1,1
"3",2007-01-26,0,0,0,0,1,1
"4",2007-02-02,-1,0.0233367309594058,0,0.0233367309594058,1,1.02333673095941
"5",2007-02-09,0,0,0,0,1,1.02333673095941
"6",2007-02-16,0,0,0,0,1,1.02333673095941
"7",2007-02-23,0,0,0,0,1,1.02333673095941
"8",2007-03-02,0,0,0,0,1,1.02333673095941
"9",2007-03-09,0,0,0,0,1,1.02333673095941
"10",2007-03-16,0,0,0,0,1,1.02333673095941
"11",2007-03-23,0,0,0,0,1,1.02333673095941
"12",2007-03-30,0,0,0,0,1,1.02333673095941
"13",2007-04-06,0,0,0,0,1,1.02333673095941
"14",2007-04-13,0,0,0,0,1,1.02333673095941
"15",2007-04-20,0,0,0,0,1,1.02333673095941
"16",2007-04-27,0,0,0,0,1,1.02333673095941
"17",2007-05-04,0,0,0,0,1,1.02333673095941
"18",2007-05-11,0,0,0,0,1,1.02333673095941
"19",2007-05-18,0,0,0,0,1,1.02333673095941
"20",2007-05-25,-1,0.00508505988203583,0,0.00508505988203583,1,1.02854045951582
"21",2007-06-01,-1,-0.0125261073010207,0,-0.0125261073010207,1,1.01565685135648
"22",2007-06-08,-1,-0.0196962232191003,0,-0.0196962232191003,1,0.995652247298159
"23",2007-06-15,-1,0.00379812275806121,0,0.00379812275806121,1,0.999433856757737
"24",2007-06-22,-1,-0.00163802058420215,0,-0.00163802058420215,1,0.997796763527819
"25",2007-06-29,-1,0.00487182194326953,0,0.00487182194326953,1,1.0026578516953
"26",2007-07-06,-1,-0.000911075700065282,0,-0.000911075700065282,1,1.00174435449114
"27",2007-07-13,-1,-0.0123987883208556,0,-0.0123987883208556,1,0.98932393828819
"28",2007-07-20,-1,0.00233656624308372,0,0.00233656624308372,1,0.991635559205869
"29",2007-07-27,-1,0.0196683815026058,0,0.0196683815026058,1,1.01113942569588
"30",2007-08-03,-1,0.00220043827929467,0,0.00220043827929467,1,1.01336437559388
"31",2007-08-10,-1,0.0018597254063528,0,0.0018597254063528,1,1.01524895506907
"32",2007-08-17,-1,0.0308859808556964,0,0.0308859808556964,1,1.0466059148591
"33",2007-08-24,0,0,0,0,1,1.0466059148591
"34",2007-08-31,0,0,0,0,1,1.0466059148591
"35",2007-09-07,0,0,0,0,1,1.0466059148591
"36",2007-09-14,0,0,0,0,1,1.0466059148591
"37",2007-09-21,0,0,0,0,1,1.0466059148591
"38",2007-09-28,-1,0.000753361365032612,0,0.000753361365032612,1,1.04739438731977
"39",2007-10-05,0,0,0,0,1,1.04739438731977
"40",2007-10-12,0,0,0,0,1,1.04739438731977
"41",2007-10-19,0,0,0,0,1,1.04739438731977
"42",2007-10-26,0,0,0,0,1,1.04739438731977
"43",2007-11-02,0,0,0,0,1,1.04739438731977
"44",2007-11-09,0,0,0,0,1,1.04739438731977
"45",2007-11-16,0,0,0,0,1,1.04739438731977
"46",2007-11-23,0,0,0,0,1,1.04739438731977
"47",2007-11-30,1,0.0100433416506593,0.0100433416506593,0,1.01004334165066,1.04739438731977
"48",2007-12-07,0,0,0,0,1.01004334165066,1.04739438731977
"49",2007-12-14,1,0.00065524834369317,0.00065524834369317,0,1.01070517087733,1.04739438731977
"50",2007-12-21,0,0,0,0,1.01070517087733,1.04739438731977
"51",2007-12-28,0,0,0,0,1.01070517087733,1.04739438731977
"52",2008-01-04,0,0,0,0,1.01070517087733,1.04739438731977
"53",2008-01-11,1,0.0187134281178023,0.0187134281178023,0,1.02961892944084,1.04739438731977
"54",2008-01-18,0,0,0,0,1.02961892944084,1.04739438731977
"55",2008-01-25,0,0,0,0,1.02961892944084,1.04739438731977
"56",2008-02-01,1,0.0111534441685873,0.0111534441685873,0,1.04110272668528,1.04739438731977
"57",2008-02-08,0,0,0,0,1.04110272668528,1.04739438731977
"58",2008-02-15,0,0,0,0,1.04110272668528,1.04739438731977
"59",2008-02-22,0,0,0,0,1.04110272668528,1.04739438731977
"60",2008-02-29,0,0,0,0,1.04110272668528,1.04739438731977
"61",2008-03-07,0,0,0,0,1.04110272668528,1.04739438731977
"62",2008-03-14,0,0,0,0,1.04110272668528,1.04739438731977
"63",2008-03-21,0,0,0,0,1.04110272668528,1.04739438731977
"64",2008-03-28,0,0,0,0,1.04110272668528,1.04739438731977
"65",2008-04-04,1,0.00365159976935536,0.00365159976935536,0,1.04490441716192,1.04739438731977
"66",2008-04-11,1,-0.00885883076268771,-0.00885883076268771,0,1.03564778576709,1.04739438731977
"67",2008-04-18,1,0.00687376827632042,0.00687376827632042,0,1.04276658866234,1.04739438731977
"68",2008-04-25,1,0.00650824145241073,0.00650824145241073,0,1.04955316539986,1.04739438731977
"69",2008-05-02,1,0.0138006296495295,0.0138006296495295,0,1.06403765993304,1.04739438731977
"70",2008-05-09,1,0.0179929941072071,0.0179929941072071,0,1.08318288327806,1.04739438731977
"71",2008-05-16,0,0,0,0,1.08318288327806,1.04739438731977
"72",2008-05-23,0,0,0,0,1.08318288327806,1.04739438731977
"73",2008-05-30,0,0,0,0,1.08318288327806,1.04739438731977
"74",2008-06-06,0,0,0,0,1.08318288327806,1.04739438731977
"75",2008-06-13,0,0,0,0,1.08318288327806,1.04739438731977
"76",2008-06-20,0,0,0,0,1.08318288327806,1.04739438731977
"77",2008-06-27,0,0,0,0,1.08318288327806,1.04739438731977
"78",2008-07-04,0,0,0,0,1.08318288327806,1.04739438731977
"79",2008-07-11,0,0,0,0,1.08318288327806,1.04739438731977
"80",2008-07-18,1,0.00394814039444312,0.00394814039444312,0,1.0874594413741,1.04739438731977
"81",2008-07-25,1,-0.0125601587576984,-0.0125601587576984,0,1.07380077814788,1.04739438731977
"82",2008-08-01,1,-0.00887733245345962,-0.00887733245345962,0,1.06426829165148,1.04739438731977
"83",2008-08-08,1,-0.00700286151666323,-0.00700286151666323,0,1.05681536818847,1.04739438731977
"84",2008-08-15,0,0,0,0,1.05681536818847,1.04739438731977
"85",2008-08-22,0,0,0,0,1.05681536818847,1.04739438731977
"86",2008-08-29,0,0,0,0,1.05681536818847,1.04739438731977
"87",2008-09-05,0,0,0,0,1.05681536818847,1.04739438731977
"88",2008-09-12,0,0,0,0,1.05681536818847,1.04739438731977
"89",2008-09-19,0,0,0,0,1.05681536818847,1.04739438731977
"90",2008-09-26,0,0,0,0,1.05681536818847,1.04739438731977
"91",2008-10-03,0,0,0,0,1.05681536818847,1.04739438731977
"92",2008-10-10,0,0,0,0,1.05681536818847,1.04739438731977
"93",2008-10-17,1,0.047819990981859,0.047819990981859,0,1.10735226956473,1.04739438731977
"94",2008-10-24,0,0,0,0,1.10735226956473,1.04739438731977
"95",2008-10-31,1,0.0127937447490637,0.0127937447490637,0,1.12151945184884,1.04739438731977
"96",2008-11-07,1,-0.00222201125111658,-0.00222201125111658,0,1.11902742300848,1.04739438731977
"97",2008-11-14,1,0.0155886286129712,0.0155886286129712,0,1.13647152591349,1.04739438731977
"98",2008-11-21,0,0,0,0,1.13647152591349,1.04739438731977
"99",2008-11-28,0,0,0,0,1.13647152591349,1.04739438731977
"100",2008-12-05,0,0,0,0,1.13647152591349,1.04739438731977
"101",2008-12-12,0,0,0,0,1.13647152591349,1.04739438731977
"102",2008-12-19,1,-0.0219036421364077,-0.0219036421364077,0,1.11157866031167,1.04739438731977
"103",2008-12-26,1,0.0153533816972572,0.0153533816972572,0,1.12864515176996,1.04739438731977
"104",2009-01-02,1,0.0411236247299528,0.0411236247299528,0,1.17505913144463,1.04739438731977
"105",2009-01-09,0,0,0,0,1.17505913144463,1.04739438731977
"106",2009-01-16,0,0,0,0,1.17505913144463,1.04739438731977
"107",2009-01-23,0,0,0,0,1.17505913144463,1.04739438731977
"108",2009-01-30,0,0,0,0,1.17505913144463,1.04739438731977
"109",2009-02-06,1,0.025507422615468,0.025507422615468,0,1.20503186130855,1.04739438731977
"110",2009-02-13,0,0,0,0,1.20503186130855,1.04739438731977
"111",2009-02-20,0,0,0,0,1.20503186130855,1.04739438731977
"112",2009-02-27,0,0,0,0,1.20503186130855,1.04739438731977
"113",2009-03-06,-1,-0.0124992836778616,0,-0.0124992836778616,1.20503186130855,1.03430270775006
"114",2009-03-13,-1,-0.0102427687360133,0,-0.0102427687360133,1.20503186130855,1.02370858431154
"115",2009-03-20,-1,0.000438317183426567,0,0.000438317183426567,1.20503186130855,1.02415729337487
"116",2009-03-27,-1,-0.00339126091038776,0,-0.00339126091038776,1.20503186130855,1.02068410877976
"117",2009-04-03,-1,-0.0110334024026117,0,-0.0110334024026117,1.20503186130855,1.00942249028164
"118",2009-04-10,-1,-0.00319588769111804,0,-0.00319588769111804,1.20503186130855,1.00619648936981
"119",2009-04-17,-1,0.0133428508281034,0,0.0133428508281034,1.20503186130855,1.01962201903123
"120",2009-04-24,-1,0.00463403626092135,0,0.00463403626092135,1.20503186130855,1.02434698443986
"121",2009-05-01,-1,-0.0014993702485878,0,-0.0014993702485878,1.20503186130855,1.02281110904716
"122",2009-05-08,0,0,0,0,1.20503186130855,1.02281110904716
"123",2009-05-15,0,0,0,0,1.20503186130855,1.02281110904716
"124",2009-05-22,0,0,0,0,1.20503186130855,1.02281110904716
"125",2009-05-29,0,0,0,0,1.20503186130855,1.02281110904716
"126",2009-06-05,0,0,0,0,1.20503186130855,1.02281110904716
"127",2009-06-12,-1,-0.0154320564138479,0,-0.0154320564138479,1.20503186130855,1.00702703031163
"128",2009-06-19,-1,0.000404830246568756,0,0.000404830246568756,1.20503186130855,1.00743470531261
"129",2009-06-26,-1,-0.00231109122391749,0,-0.00231109122391749,1.20503186130855,1.0051064318065
"130",2009-07-03,-1,0.0110874106935904,0,0.0110874106935904,1.20503186130855,1.0162504596067
"131",2009-07-10,-1,-0.00113434597648905,0,-0.00113434597648905,1.20503186130855,1.01509767998674
"132",2009-07-17,-1,-0.0084773222954879,0,-0.0084773222954879,1.20503186130855,1.00649236979209
"133",2009-07-24,-1,0.000147880099046141,0,0.000147880099046141,1.20503186130855,1.00664120998343
"134",2009-07-31,-1,-0.00557969463142605,0,-0.00557969463142605,1.20503186130855,1.00102445942831
"135",2009-08-07,-1,-0.00653689655655752,0,-0.00653689655655752,1.20503186130855,0.994480866086444
"136",2009-08-14,-1,-0.000797704083509774,0,-0.000797704083509774,1.20503186130855,0.993687564638594
"137",2009-08-21,-1,-0.0058791390812609,0,-0.0058791390812609,1.20503186130855,0.987845537242765
"138",2009-08-28,-1,-0.0069972203389706,0,-0.0069972203389706,1.20503186130855,0.980933364357808
"139",2009-09-04,-1,-0.00319240380499471,0,-0.00319240380499471,1.20503186130855,0.977801828952986
"140",2009-09-11,-1,0.0107052741469275,0,0.0107052741469275,1.20503186130855,0.988269465593295
"141",2009-09-18,-1,-0.000545336616656966,0,-0.000545336616656966,1.20503186130855,0.987730526066583
"142",2009-09-25,-1,0.00186880414872534,0,0.00186880414872534,1.20503186130855,0.989576400971519
"143",2009-10-02,-1,0.00602437005220806,0,0.00602437005220806,1.20503186130855,0.995537975405903
"144",2009-10-09,-1,-0.000366921559415702,0,-0.000366921559415702,1.20503186130855,0.99517269105951
"145",2009-10-16,0,0,0,0,1.20503186130855,0.99517269105951
"146",2009-10-23,-1,-0.0128879565184477,0,-0.0128879565184477,1.20503186130855,0.982346948688788
"147",2009-10-30,-1,0.0134126596801603,0,0.0134126596801603,1.20503186130855,0.995522833999395
"148",2009-11-06,-1,-0.00504885683007141,0,-0.00504885683007141,1.20503186130855,0.990496581739465
"149",2009-11-13,-1,0.00146196653554709,0,0.00146196653554709,1.20503186130855,0.991944654595542
"150",2009-11-20,0,0,0,0,1.20503186130855,0.991944654595542
"151",2009-11-27,0,0,0,0,1.20503186130855,0.991944654595542
"152",2009-12-04,0,0,0,0,1.20503186130855,0.991944654595542
"153",2009-12-11,0,0,0,0,1.20503186130855,0.991944654595542
"154",2009-12-18,0,0,0,0,1.20503186130855,0.991944654595542
"155",2009-12-25,-1,0.000970461612163109,0,0.000970461612163109,1.20503186130855,0.992907298804217
"156",2010-01-01,0,0,0,0,1.20503186130855,0.992907298804217
"157",2010-01-08,-1,-0.00187927373960774,0,-0.00187927373960774,1.20503186130855,0.99104135419171
"158",2010-01-15,-1,0.00593194600705355,0,0.00593194600705355,1.20503186130855,0.996920157995532
"159",2010-01-22,0,0,0,0,1.20503186130855,0.996920157995532
"160",2010-01-29,-1,0.0114318746827615,0,0.0114318746827615,1.20503186130855,1.00831682431046
"161",2010-02-05,0,0,0,0,1.20503186130855,1.00831682431046
"162",2010-02-12,-1,-0.00257724383640604,0,-0.00257724383640604,1.20503186130855,1.00571814598986
"163",2010-02-19,0,0,0,0,1.20503186130855,1.00571814598986
"164",2010-02-26,-1,0.0106472198359354,0,0.0106472198359354,1.20503186130855,1.0164262481832
"165",2010-03-05,-1,-0.00536899165035809,0,-0.00536899165035809,1.20503186130855,1.0109690641435
"166",2010-03-12,-1,-0.00130871352592391,0,-0.00130871352592391,1.20503186130855,1.00964599525496
"167",2010-03-19,-1,-0.006725488829549,0,-0.006725488829549,1.20503186130855,1.00285563239208
"168",2010-03-26,-1,0.00461842590070317,0,0.00461842590070317,1.20503186130855,1.00748724681938
"169",2010-04-02,-1,-0.00734189141050224,0,-0.00734189141050224,1.20503186130855,1.00009038485577
"170",2010-04-09,-1,0.00819362321880807,0,0.00819362321880807,1.20503186130855,1.00828474865403
"171",2010-04-16,-1,0.0183838662076258,0,0.0183838662076258,1.20503186130855,1.02682092057248
"172",2010-04-23,0,0,0,0,1.20503186130855,1.02682092057248
"173",2010-04-30,0,0,0,0,1.20503186130855,1.02682092057248
"174",2010-05-07,0,0,0,0,1.20503186130855,1.02682092057248
"175",2010-05-14,0,0,0,0,1.20503186130855,1.02682092057248
"176",2010-05-21,0,0,0,0,1.20503186130855,1.02682092057248
"177",2010-05-28,0,0,0,0,1.20503186130855,1.02682092057248
"178",2010-06-04,0,0,0,0,1.20503186130855,1.02682092057248
"179",2010-06-11,0,0,0,0,1.20503186130855,1.02682092057248
"180",2010-06-18,0,0,0,0,1.20503186130855,1.02682092057248
"181",2010-06-25,0,0,0,0,1.20503186130855,1.02682092057248
"182",2010-07-02,0,0,0,0,1.20503186130855,1.02682092057248
"183",2010-07-09,0,0,0,0,1.20503186130855,1.02682092057248
"184",2010-07-16,0,0,0,0,1.20503186130855,1.02682092057248
"185",2010-07-23,0,0,0,0,1.20503186130855,1.02682092057248
"186",2010-07-30,0,0,0,0,1.20503186130855,1.02682092057248
"187",2010-08-06,0,0,0,0,1.20503186130855,1.02682092057248
"188",2010-08-13,0,0,0,0,1.20503186130855,1.02682092057248
"189",2010-08-20,0,0,0,0,1.20503186130855,1.02682092057248
"190",2010-08-27,0,0,0,0,1.20503186130855,1.02682092057248
"191",2010-09-03,0,0,0,0,1.20503186130855,1.02682092057248
"192",2010-09-10,0,0,0,0,1.20503186130855,1.02682092057248
"193",2010-09-17,0,0,0,0,1.20503186130855,1.02682092057248
"194",2010-09-24,0,0,0,0,1.20503186130855,1.02682092057248
"195",2010-10-01,0,0,0,0,1.20503186130855,1.02682092057248
"196",2010-10-08,0,0,0,0,1.20503186130855,1.02682092057248
"197",2010-10-15,0,0,0,0,1.20503186130855,1.02682092057248
"198",2010-10-22,0,0,0,0,1.20503186130855,1.02682092057248
"199",2010-10-29,0,0,0,0,1.20503186130855,1.02682092057248
"200",2010-11-05,0,0,0,0,1.20503186130855,1.02682092057248
"201",2010-11-12,0,0,0,0,1.20503186130855,1.02682092057248
"202",2010-11-19,0,0,0,0,1.20503186130855,1.02682092057248
"203",2010-11-26,0,0,0,0,1.20503186130855,1.02682092057248
"204",2010-12-03,0,0,0,0,1.20503186130855,1.02682092057248
"205",2010-12-10,0,0,0,0,1.20503186130855,1.02682092057248
"206",2010-12-17,0,0,0,0,1.20503186130855,1.02682092057248
"207",2010-12-24,0,0,0,0,1.20503186130855,1.02682092057248
"208",2010-12-31,0,0,0,0,1.20503186130855,1.02682092057248
"209",2011-01-07,0,0,0,0,1.20503186130855,1.02682092057248
"210",2011-01-14,1,-0.00800163033883235,-0.00800163033883235,0,1.19538964180784,1.02682092057248
"211",2011-01-21,1,-0.000786500997325987,-0.000786500997325987,0,1.19444946666237,1.02682092057248
"212",2011-01-28,1,0.0035882379067612,0.0035882379067612,0,1.19873543551636,1.02682092057248
"213",2011-02-04,1,0.0004338640620443,0.0004338640620443,0,1.19925552374173,1.02682092057248
"214",2011-02-11,1,0.00109849820301066,0.00109849820301066,0,1.20057290377951,1.02682092057248
"215",2011-02-18,1,-0.00330749915739149,-0.00330749915739149,0,1.19660200991187,1.02682092057248
"216",2011-02-25,1,0.0035172719709882,0.0035172719709882,0,1.20081078462176,1.02682092057248
"217",2011-03-04,1,-0.00691856884698673,-0.00691856884698673,0,1.19250289253615,1.02682092057248
"218",2011-03-11,1,0.00328523816507371,0.00328523816507371,0,1.19642054855067,1.02682092057248
"219",2011-03-18,1,-0.0091630762504263,-0.0091630762504263,0,1.18545765583672,1.02682092057248
"220",2011-03-25,1,0.0074665230939169,0.0074665230939169,0,1.19430890280089,1.02682092057248
"221",2011-04-01,1,0.00597205407553836,0.00597205407553836,0,1.20144138015131,1.02682092057248
"222",2011-04-08,1,0.00554628699472194,0.00554628699472194,0,1.20810491885297,1.02682092057248
"223",2011-04-15,1,-0.0102284739458415,-0.0102284739458415,0,1.19574784916664,1.02682092057248
"224",2011-04-22,1,0.00246289384829473,0.00246289384829473,0,1.19869284918846,1.02682092057248
"225",2011-04-29,1,0.00482937090684123,0.00482937090684123,0,1.20448178156057,1.02682092057248
"226",2011-05-06,1,-0.00369198336160012,-0.00369198336160012,0,1.2000348548637,1.02682092057248
"227",2011-05-13,1,0.000731942983327594,0.000731942983327594,0,1.20091321195546,1.02682092057248
"228",2011-05-20,1,0.00109181246096327,0.00109181246096327,0,1.20222438396481,1.02682092057248
"229",2011-05-27,1,-0.00162657927309078,-0.00162657927309078,0,1.20026887070025,1.02682092057248
"230",2011-06-03,1,-0.00695234510476951,-0.00695234510476951,0,1.19192418729263,1.02682092057248
"231",2011-06-10,1,-0.00431362645314867,-0.00431362645314867,0,1.18678267158818,1.02682092057248
"232",2011-06-17,1,-0.00073855854245437,-0.00073855854245437,0,1.18590616310804,1.02682092057248
"233",2011-06-24,1,-0.000703732653475586,-0.000703732653475586,0,1.1850716022171,1.02682092057248
"234",2011-07-01,1,0.0013096022564395,0.0013096022564395,0,1.18662357466141,1.02682092057248
"235",2011-07-08,1,-0.00586368403579782,-0.00586368403579782,0,1.17966558895017,1.02682092057248
"236",2011-07-15,1,-0.00674648799640234,-0.00674648799640234,0,1.17170698921454,1.02682092057248
"237",2011-07-22,1,0.00401440445440987,0.00401440445440987,0,1.17641069497131,1.02682092057248
"238",2011-07-29,1,-0.00156125462536922,-0.00156125462536922,0,1.17457401833245,1.02682092057248
"239",2011-08-05,1,-0.0133971957831161,-0.0133971957831161,0,1.15883802024709,1.02682092057248
"240",2011-08-12,1,-0.000529981234053254,-0.000529981234053254,0,1.15822385784305,1.02682092057248
"241",2011-08-19,1,0.0117585649035739,0.0117585649035739,0,1.17184290824837,1.02682092057248
"242",2011-08-26,1,0.00544307071066651,0.00544307071066651,0,1.17822133205976,1.02682092057248
"243",2011-09-02,1,0.000225559466480799,0.000225559466480799,0,1.17848709103481,1.02682092057248
"244",2011-09-09,1,0.022808386695011,0.022808386695011,0,1.20536648032221,1.02682092057248
"245",2011-09-16,1,0.00694813713436183,0.00694813713436183,0,1.21374153192465,1.02682092057248
"246",2011-09-23,1,0.0295164306996801,0.0295164306996801,0,1.24956684973903,1.02682092057248
"247",2011-09-30,0,0,0,0,1.24956684973903,1.02682092057248
"248",2011-10-07,0,0,0,0,1.24956684973903,1.02682092057248
"249",2011-10-14,0,0,0,0,1.24956684973903,1.02682092057248
"250",2011-10-21,0,0,0,0,1.24956684973903,1.02682092057248
"251",2011-10-28,0,0,0,0,1.24956684973903,1.02682092057248
"252",2011-11-04,0,0,0,0,1.24956684973903,1.02682092057248
"253",2011-11-11,0,0,0,0,1.24956684973903,1.02682092057248
"254",2011-11-18,0,0,0,0,1.24956684973903,1.02682092057248
"255",2011-11-25,0,0,0,0,1.24956684973903,1.02682092057248
"256",2011-12-02,0,0,0,0,1.24956684973903,1.02682092057248
"257",2011-12-09,0,0,0,0,1.24956684973903,1.02682092057248
"258",2011-12-16,0,0,0,0,1.24956684973903,1.02682092057248
"259",2011-12-23,0,0,0,0,1.24956684973903,1.02682092057248
"260",2011-12-30,0,0,0,0,1.24956684973903,1.02682092057248
"261",2012-01-06,0,0,0,0,1.24956684973903,1.02682092057248
"262",2012-01-13,0,0,0,0,1.24956684973903,1.02682092057248
"263",2012-01-20,0,0,0,0,1.24956684973903,1.02682092057248
"264",2012-01-27,0,0,0,0,1.24956684973903,1.02682092057248
"265",2012-02-03,0,0,0,0,1.24956684973903,1.02682092057248
"266",2012-02-10,0,0,0,0,1.24956684973903,1.02682092057248
"267",2012-02-17,0,0,0,0,1.24956684973903,1.02682092057248
"268",2012-02-24,0,0,0,0,1.24956684973903,1.02682092057248
"269",2012-03-02,0,0,0,0,1.24956684973903,1.02682092057248
"270",2012-03-09,0,0,0,0,1.24956684973903,1.02682092057248
"271",2012-03-16,0,0,0,0,1.24956684973903,1.02682092057248
"272",2012-03-23,0,0,0,0,1.24956684973903,1.02682092057248
"273",2012-03-30,0,0,0,0,1.24956684973903,1.02682092057248
"274",2012-04-06,0,0,0,0,1.24956684973903,1.02682092057248
"275",2012-04-13,0,0,0,0,1.24956684973903,1.02682092057248
"276",2012-04-20,0,0,0,0,1.24956684973903,1.02682092057248
"277",2012-04-27,0,0,0,0,1.24956684973903,1.02682092057248
"278",2012-05-04,0,0,0,0,1.24956684973903,1.02682092057248
"279",2012-05-11,0,0,0,0,1.24956684973903,1.02682092057248
"280",2012-05-18,0,0,0,0,1.24956684973903,1.02682092057248
"281",2012-05-25,0,0,0,0,1.24956684973903,1.02682092057248
"282",2012-06-01,0,0,0,0,1.24956684973903,1.02682092057248
"283",2012-06-08,0,0,0,0,1.24956684973903,1.02682092057248
"284",2012-06-15,0,0,0,0,1.24956684973903,1.02682092057248
"285",2012-06-22,0,0,0,0,1.24956684973903,1.02682092057248
"286",2012-06-29,0,0,0,0,1.24956684973903,1.02682092057248
"287",2012-07-06,0,0,0,0,1.24956684973903,1.02682092057248
"288",2012-07-13,0,0,0,0,1.24956684973903,1.02682092057248
"289",2012-07-20,0,0,0,0,1.24956684973903,1.02682092057248
"290",2012-07-27,0,0,0,0,1.24956684973903,1.02682092057248
"291",2012-08-03,0,0,0,0,1.24956684973903,1.02682092057248
"292",2012-08-10,0,0,0,0,1.24956684973903,1.02682092057248
"293",2012-08-17,0,0,0,0,1.24956684973903,1.02682092057248
"294",2012-08-24,0,0,0,0,1.24956684973903,1.02682092057248
"295",2012-08-31,0,0,0,0,1.24956684973903,1.02682092057248
"296",2012-09-07,0,0,0,0,1.24956684973903,1.02682092057248
"297",2012-09-14,0,0,0,0,1.24956684973903,1.02682092057248
"298",2012-09-21,1,-0.0128746579769885,-0.0128746579769885,0,1.23347910392926,1.02682092057248
"299",2012-09-28,1,-0.00941239156034982,-0.00941239156034982,0,1.22186911562157,1.02682092057248
"300",2012-10-05,1,-0.0146351119612622,-0.0146351119612622,0,1.20398692431244,1.02682092057248
"301",2012-10-12,1,0.00846808822312675,0.00846808822312675,0,1.21418239180701,1.02682092057248
"302",2012-10-19,1,0.018931461726196,0.018931461726196,0,1.23716863928612,1.02682092057248
"303",2012-10-26,1,-0.000722191171507,-0.000722191171507,0,1.23627516701716,1.02682092057248
"304",2012-11-02,1,0.00388436004253021,0.00388436004253021,0,1.2410773048775,1.02682092057248
"305",2012-11-09,1,0.00791758795310591,0.00791758795310591,0,1.25090364359547,1.02682092057248
"306",2012-11-16,0,0,0,0,1.25090364359547,1.02682092057248
"307",2012-11-23,0,0,0,0,1.25090364359547,1.02682092057248
"308",2012-11-30,0,0,0,0,1.25090364359547,1.02682092057248
"309",2012-12-07,0,0,0,0,1.25090364359547,1.02682092057248
"310",2012-12-14,0,0,0,0,1.25090364359547,1.02682092057248
"311",2012-12-21,0,0,0,0,1.25090364359547,1.02682092057248
"312",2012-12-28,0,0,0,0,1.25090364359547,1.02682092057248
"313",2013-01-04,0,0,0,0,1.25090364359547,1.02682092057248
"314",2013-01-11,0,0,0,0,1.25090364359547,1.02682092057248
"315",2013-01-18,0,0,0,0,1.25090364359547,1.02682092057248
"316",2013-01-25,0,0,0,0,1.25090364359547,1.02682092057248
"317",2013-02-01,0,0,0,0,1.25090364359547,1.02682092057248
"318",2013-02-08,0,0,0,0,1.25090364359547,1.02682092057248
"319",2013-02-15,0,0,0,0,1.25090364359547,1.02682092057248
"320",2013-02-22,0,0,0,0,1.25090364359547,1.02682092057248
"321",2013-03-01,0,0,0,0,1.25090364359547,1.02682092057248
"322",2013-03-08,0,0,0,0,1.25090364359547,1.02682092057248
"323",2013-03-15,-1,-0.00755710897931923,0,-0.00755710897931923,1.25090364359547,1.01906112297347
"324",2013-03-22,-1,-0.00784934840032702,0,-0.00784934840032702,1.25090364359547,1.01106215717802
"325",2013-03-29,-1,0.0074389745331674,0,0.0074389745331674,1.25090364359547,1.01858342281671
"326",2013-04-05,-1,-0.0107241121266599,0,-0.0107241121266599,1.25090364359547,1.00766001998007
"327",2013-04-12,-1,-0.00934443263640651,0,-0.00934443263640651,1.25090364359547,0.998244008802967
"328",2013-04-19,-1,0.0153261206372615,0,0.0153261206372615,1.25090364359547,1.01354321690731
"329",2013-04-26,-1,0.00780527814003698,0,0.00780527814003698,1.25090364359547,1.02145420362221
"330",2013-05-03,-1,0.010037235456883,0,0.010037235456883,1.25090364359547,1.03170677997239
"331",2013-05-10,0,0,0,0,1.25090364359547,1.03170677997239
"332",2013-05-17,0,0,0,0,1.25090364359547,1.03170677997239
"333",2013-05-24,-1,-0.00273764977474125,0,-0.00273764977474125,1.25090364359547,1.0288823281386
"334",2013-05-31,-1,0.0040738184794795,0,0.0040738184794795,1.25090364359547,1.03307380798018
"335",2013-06-07,-1,0.01872464243083,0,0.01872464243083,1.25090364359547,1.05241774563927
"336",2013-06-14,0,0,0,0,1.25090364359547,1.05241774563927
"337",2013-06-21,0,0,0,0,1.25090364359547,1.05241774563927
"338",2013-06-28,-1,0.00975705470362062,0,0.00975705470362062,1.25090364359547,1.06268624315453
"339",2013-07-05,0,0,0,0,1.25090364359547,1.06268624315453
"340",2013-07-12,-1,0.0347089706386992,0,0.0347089706386992,1.25090364359547,1.09957098876633
"341",2013-07-19,0,0,0,0,1.25090364359547,1.09957098876633
"342",2013-07-26,0,0,0,0,1.25090364359547,1.09957098876633
"343",2013-08-02,0,0,0,0,1.25090364359547,1.09957098876633
"344",2013-08-09,0,0,0,0,1.25090364359547,1.09957098876633
"345",2013-08-16,0,0,0,0,1.25090364359547,1.09957098876633
"346",2013-08-23,-1,-0.00793487083312331,0,-0.00793487083312331,1.25090364359547,1.09084603499862
"347",2013-08-30,-1,-0.0107755806551707,0,-0.0107755806551707,1.25090364359547,1.07909153556612
"348",2013-09-06,-1,0.00603321197591804,0,0.00603321197591804,1.25090364359547,1.08560192354161
"349",2013-09-13,-1,0.00934276552088287,0,0.00934276552088287,1.25090364359547,1.09574444776228
"350",2013-09-20,-1,-0.0039517253062282,0,-0.0039517253062282,1.25090364359547,1.0914143666989
"351",2013-09-27,-1,0.00730344844303541,0,0.00730344844303541,1.25090364359547,1.09938545525607
"352",2013-10-04,-1,0.0122996284669271,0,0.0122996284669271,1.25090364359547,1.11290748789766
"353",2013-10-11,0,0,0,0,1.25090364359547,1.11290748789766
"354",2013-10-18,0,0,0,0,1.25090364359547,1.11290748789766
"355",2013-10-25,0,0,0,0,1.25090364359547,1.11290748789766
"356",2013-11-01,0,0,0,0,1.25090364359547,1.11290748789766
"357",2013-11-08,0,0,0,0,1.25090364359547,1.11290748789766
"358",2013-11-15,0,0,0,0,1.25090364359547,1.11290748789766
"359",2013-11-22,0,0,0,0,1.25090364359547,1.11290748789766
"360",2013-11-29,0,0,0,0,1.25090364359547,1.11290748789766
"361",2013-12-06,0,0,0,0,1.25090364359547,1.11290748789766
"362",2013-12-13,0,0,0,0,1.25090364359547,1.11290748789766
"363",2013-12-20,0,0,0,0,1.25090364359547,1.11290748789766
"364",2013-12-27,0,0,0,0,1.25090364359547,1.11290748789766
"365",2014-01-03,0,0,0,0,1.25090364359547,1.11290748789766
"366",2014-01-10,0,0,0,0,1.25090364359547,1.11290748789766
"367",2014-01-17,0,0,0,0,1.25090364359547,1.11290748789766
"368",2014-01-24,0,0,0,0,1.25090364359547,1.11290748789766
"369",2014-01-31,0,0,0,0,1.25090364359547,1.11290748789766
"370",2014-02-07,0,0,0,0,1.25090364359547,1.11290748789766
"371",2014-02-14,0,0,0,0,1.25090364359547,1.11290748789766
"372",2014-02-21,0,0,0,0,1.25090364359547,1.11290748789766
"373",2014-02-28,0,0,0,0,1.25090364359547,1.11290748789766
"374",2014-03-07,0,0,0,0,1.25090364359547,1.11290748789766
"375",2014-03-14,0,0,0,0,1.25090364359547,1.11290748789766
"376",2014-03-21,0,0,0,0,1.25090364359547,1.11290748789766
"377",2014-03-28,0,0,0,0,1.25090364359547,1.11290748789766
"378",2014-04-04,0,0,0,0,1.25090364359547,1.11290748789766
"379",2014-04-11,0,0,0,0,1.25090364359547,1.11290748789766
"380",2014-04-18,0,0,0,0,1.25090364359547,1.11290748789766
"381",2014-04-25,0,0,0,0,1.25090364359547,1.11290748789766
"382",2014-05-02,0,0,0,0,1.25090364359547,1.11290748789766
"383",2014-05-09,0,0,0,0,1.25090364359547,1.11290748789766
"384",2014-05-16,0,0,0,0,1.25090364359547,1.11290748789766
"385",2014-05-23,1,-0.0078266667045721,-0.0078266667045721,0,1.24111323769751,1.11290748789766
"386",2014-05-30,1,0.01112193997893,0.01112193997893,0,1.25491682463424,1.11290748789766
"387",2014-06-06,1,0.00102486746615229,0.00102486746615229,0,1.25620294806054,1.11290748789766
"388",2014-06-13,1,0.0121122728357487,0.0121122728357487,0,1.27141842090452,1.11290748789766
"389",2014-06-20,0,0,0,0,1.27141842090452,1.11290748789766
"390",2014-06-27,0,0,0,0,1.27141842090452,1.11290748789766
"391",2014-07-04,0,0,0,0,1.27141842090452,1.11290748789766
"392",2014-07-11,1,0.00339061666814641,0.00339061666814641,0,1.27572931339462,1.11290748789766
"393",2014-07-18,0,0,0,0,1.27572931339462,1.11290748789766
"394",2014-07-25,0,0,0,0,1.27572931339462,1.11290748789766
"395",2014-08-01,0,0,0,0,1.27572931339462,1.11290748789766
"396",2014-08-08,0,0,0,0,1.27572931339462,1.11290748789766
"397",2014-08-15,0,0,0,0,1.27572931339462,1.11290748789766
"398",2014-08-22,0,0,0,0,1.27572931339462,1.11290748789766
"399",2014-08-29,0,0,0,0,1.27572931339462,1.11290748789766
"400",2014-09-05,0,0,0,0,1.27572931339462,1.11290748789766
"401",2014-09-12,0,0,0,0,1.27572931339462,1.11290748789766
"402",2014-09-19,0,0,0,0,1.27572931339462,1.11290748789766
"403",2014-09-26,0,0,0,0,1.27572931339462,1.11290748789766
"404",2014-10-03,0,0,0,0,1.27572931339462,1.11290748789766
"405",2014-10-10,0,0,0,0,1.27572931339462,1.11290748789766
"406",2014-10-17,0,0,0,0,1.27572931339462,1.11290748789766
"407",2014-10-24,0,0,0,0,1.27572931339462,1.11290748789766
"408",2014-10-31,0,0,0,0,1.27572931339462,1.11290748789766
"409",2014-11-07,0,0,0,0,1.27572931339462,1.11290748789766
"410",2014-11-14,0,0,0,0,1.27572931339462,1.11290748789766
"411",2014-11-21,-1,0.00029159634211084,0,0.00029159634211084,1.27572931339462,1.11323200765024
"412",2014-11-28,-1,0.00428672444571426,0,0.00428672444571426,1.27572931339462,1.11800412651119
"413",2014-12-05,-1,0.00372220194176398,0,0.00372220194176398,1.27572931339462,1.12216556364179
"414",2014-12-12,-1,0.0112248862302593,0,0.0112248862302593,1.27572931339462,1.13476174442518
"415",2014-12-19,0,0,0,0,1.27572931339462,1.13476174442518
"416",2014-12-26,0,0,0,0,1.27572931339462,1.13476174442518
"417",2015-01-02,-1,0.00080636801624313,0,0.00080636801624313,1.27572931339462,1.13567678000194
"418",2015-01-09,-1,0.00731739889906138,0,0.00731739889906138,1.27572931339462,1.14398698002162
"419",2015-01-16,-1,0.0109508405650209,0,0.0109508405650209,1.27572931339462,1.1565145990483
"420",2015-01-23,0,0,0,0,1.27572931339462,1.1565145990483
"421",2015-01-30,0,0,0,0,1.27572931339462,1.1565145990483
"422",2015-02-06,0,0,0,0,1.27572931339462,1.1565145990483
"423",2015-02-13,0,0,0,0,1.27572931339462,1.1565145990483
"424",2015-02-20,0,0,0,0,1.27572931339462,1.1565145990483
"425",2015-02-27,-1,0.00552283855259986,0,0.00552283855259986,1.27572931339462,1.16290184246256
"426",2015-03-06,-1,-0.0135070737478574,0,-0.0135070737478574,1.27572931339462,1.1471944415149
"427",2015-03-13,-1,-0.00434802727936321,0,-0.00434802727936321,1.27572931339462,1.14220640878846
"428",2015-03-20,-1,0.00625044907944928,0,0.00625044907944928,1.27572931339462,1.14934571178482
"429",2015-03-27,-1,0.00560957229451747,0,0.00560957229451747,1.27572931339462,1.15579304964647
"430",2015-04-03,-1,0.0255287115892682,0,0.0255287115892682,1.27572931339462,1.18529895706777
"431",2015-04-10,0,0,0,0,1.27572931339462,1.18529895706777
"432",2015-04-17,-1,0.00425922431504208,0,0.00425922431504208,1.27572931339462,1.19034741120631
"433",2015-04-24,0,0,0,0,1.27572931339462,1.19034741120631
"434",2015-05-01,0,0,0,0,1.27572931339462,1.19034741120631
"435",2015-05-08,0,0,0,0,1.27572931339462,1.19034741120631
"436",2015-05-15,0,0,0,0,1.27572931339462,1.19034741120631
"437",2015-05-22,0,0,0,0,1.27572931339462,1.19034741120631
"438",2015-05-29,0,0,0,0,1.27572931339462,1.19034741120631
"439",2015-06-05,0,0,0,0,1.27572931339462,1.19034741120631
"440",2015-06-12,0,0,0,0,1.27572931339462,1.19034741120631
"441",2015-06-19,0,0,0,0,1.27572931339462,1.19034741120631
"442",2015-06-26,0,0,0,0,1.27572931339462,1.19034741120631
"443",2015-07-03,0,0,0,0,1.27572931339462,1.19034741120631
"444",2015-07-10,1,-0.00231536093859251,-0.00231536093859251,0,1.27277553957417,1.19034741120631
"445",2015-07-17,1,0.00464320543318267,0.00464320543318267,0,1.27868529787474,1.19034741120631
"446",2015-07-24,0,0,0,0,1.27868529787474,1.19034741120631
"447",2015-07-31,1,-0.00313028434535838,-0.00313028434535838,0,1.27468264930417,1.19034741120631
"448",2015-08-07,1,0.0138916471008774,0.0138916471008774,0,1.29239009083391,1.19034741120631
"449",2015-08-14,0,0,0,0,1.29239009083391,1.19034741120631
"450",2015-08-21,0,0,0,0,1.29239009083391,1.19034741120631
"451",2015-08-28,0,0,0,0,1.29239009083391,1.19034741120631
"452",2015-09-04,0,0,0,0,1.29239009083391,1.19034741120631
"453",2015-09-11,0,0,0,0,1.29239009083391,1.19034741120631
"454",2015-09-18,0,0,0,0,1.29239009083391,1.19034741120631
"455",2015-09-25,0,0,0,0,1.29239009083391,1.19034741120631
"456",2015-10-02,0,0,0,0,1.29239009083391,1.19034741120631
"457",2015-10-09,0,0,0,0,1.29239009083391,1.19034741120631
"458",2015-10-16,0,0,0,0,1.29239009083391,1.19034741120631
"459",2015-10-23,1,0.00677094877880407,0.00677094877880407,0,1.30114079794118,1.19034741120631
"460",2015-10-30,1,-0.00520905023908615,-0.00520905023908615,0,1.29436309015658,1.19034741120631
"461",2015-11-06,1,0.0127981550642987,0.0127981550642987,0,1.31092854969391,1.19034741120631
"462",2015-11-13,0,0,0,0,1.31092854969391,1.19034741120631
"463",2015-11-20,0,0,0,0,1.31092854969391,1.19034741120631
"464",2015-11-27,0,0,0,0,1.31092854969391,1.19034741120631
"465",2015-12-04,0,0,0,0,1.31092854969391,1.19034741120631
"466",2015-12-11,0,0,0,0,1.31092854969391,1.19034741120631
"467",2015-12-18,0,0,0,0,1.31092854969391,1.19034741120631
"468",2015-12-25,0,0,0,0,1.31092854969391,1.19034741120631
"469",2016-01-01,0,0,0,0,1.31092854969391,1.19034741120631
"470",2016-01-08,0,0,0,0,1.31092854969391,1.19034741120631
"471",2016-01-15,0,0,0,0,1.31092854969391,1.19034741120631
"472",2016-01-22,0,0,0,0,1.31092854969391,1.19034741120631
"473",2016-01-29,0,0,0,0,1.31092854969391,1.19034741120631
"474",2016-02-05,0,0,0,0,1.31092854969391,1.19034741120631
"475",2016-02-12,0,0,0,0,1.31092854969391,1.19034741120631
"476",2016-02-19,0,0,0,0,1.31092854969391,1.19034741120631
"477",2016-02-26,0,0,0,0,1.31092854969391,1.19034741120631
"478",2016-03-04,0,0,0,0,1.31092854969391,1.19034741120631
"479",2016-03-11,0,0,0,0,1.31092854969391,1.19034741120631
"480",2016-03-18,0,0,0,0,1.31092854969391,1.19034741120631
"481",2016-03-25,0,0,0,0,1.31092854969391,1.19034741120631
"482",2016-04-01,0,0,0,0,1.31092854969391,1.19034741120631
"483",2016-04-08,0,0,0,0,1.31092854969391,1.19034741120631
"484",2016-04-15,1,0.019832289224315,0.019832289224315,0,1.33692726384385,1.19034741120631
"485",2016-04-22,0,0,0,0,1.33692726384385,1.19034741120631
"486",2016-04-29,0,0,0,0,1.33692726384385,1.19034741120631
"487",2016-05-06,1,-0.00768516365199465,-0.00768516365199465,0,1.3266527590304,1.19034741120631
"488",2016-05-13,1,0.00129901263008283,0.00129901263008283,0,1.32837609772011,1.19034741120631
"489",2016-05-20,1,0.00319383132761762,0.00319383132761762,0,1.33261870691587,1.19034741120631
"490",2016-05-27,1,-0.0109292431424205,-0.0109292431424205,0,1.31805419305185,1.19034741120631
"491",2016-06-03,1,-0.00638679401304603,-0.00638679401304603,0,1.3096360524228,1.19034741120631
"492",2016-06-10,1,0.00899105788003958,0.00899105788003958,0,1.32141106597192,1.19034741120631
"493",2016-06-17,1,-0.010678273901093,-0.010678273901093,0,1.30730067667353,1.19034741120631
"494",2016-06-24,1,0.0169391909611555,0.0169391909611555,0,1.32944529247935,1.19034741120631
"495",2016-07-01,1,-0.00324037936466424,-0.00324037936466424,0,1.32513738538715,1.19034741120631
"496",2016-07-08,1,0.00285294801750108,0.00285294801750108,0,1.32891793346371,1.19034741120631
"497",2016-07-15,1,0.00892805261610937,0.00892805261610937,0,1.34078258269616,1.19034741120631
"498",2016-07-22,1,-0.00266319271328333,-0.00266319271328333,0,1.33721182029183,1.19034741120631
"499",2016-07-29,1,-0.0111228098650879,-0.0111228098650879,0,1.32233826746538,1.19034741120631
"500",2016-08-05,1,0.00657071933471542,0.00657071933471542,0,1.33102698108645,1.19034741120631
"501",2016-08-12,1,0.00372364447817988,0.00372364447817988,0,1.33598325235488,1.19034741120631
"502",2016-08-19,1,0.0028241784700048,0.0028241784700048,0,1.33975630749246,1.19034741120631
"503",2016-08-26,1,0.00410033790418924,0.00410033790418924,0,1.34524976106245,1.19034741120631
"504",2016-09-02,1,-0.00559673755855381,-0.00559673755855381,0,1.33772075119908,1.19034741120631
"505",2016-09-09,1,-0.00421201654393736,-0.00421201654393736,0,1.33208624926386,1.19034741120631
"506",2016-09-16,1,0.00492691176652209,0.00492691176652209,0,1.33864932067938,1.19034741120631
"507",2016-09-23,1,0.000129659407167713,0.000129659407167713,0,1.3388228891567,1.19034741120631
"508",2016-09-30,1,0.0040513821538696,0.0040513821538696,0,1.34424697231703,1.19034741120631
"509",2016-10-07,1,0.00845404252079486,0.00845404252079486,0,1.35561129337944,1.19034741120631
"510",2016-10-14,0,0,0,0,1.35561129337944,1.19034741120631
"511",2016-10-21,0,0,0,0,1.35561129337944,1.19034741120631
"512",2016-10-28,0,0,0,0,1.35561129337944,1.19034741120631
"513",2016-11-04,0,0,0,0,1.35561129337944,1.19034741120631
"514",2016-11-11,0,0,0,0,1.35561129337944,1.19034741120631
"515",2016-11-18,0,0,0,0,1.35561129337944,1.19034741120631
"516",2016-11-25,0,0,0,0,1.35561129337944,1.19034741120631
"517",2016-12-02,0,0,0,0,1.35561129337944,1.19034741120631
"518",2016-12-09,0,0,0,0,1.35561129337944,1.19034741120631
"519",2016-12-16,0,0,0,0,1.35561129337944,1.19034741120631
"520",2016-12-23,0,0,0,0,1.35561129337944,1.19034741120631
"521",2016-12-30,0,0,0,0,1.35561129337944,1.19034741120631
"522",2017-01-06,0,0,0,0,1.35561129337944,1.19034741120631
"523",2017-01-13,-1,-0.00878437689675316,0,-0.00878437689675316,1.35561129337944,1.1798909509082
"524",2017-01-20,-1,-0.00311656671239537,0,-0.00311656671239537,1.35561129337944,1.17621374204634
"525",2017-01-27,-1,-0.00255770602041399,0,-0.00255770602041399,1.35561129337944,1.17320533307702
"526",2017-02-03,-1,0.0149600907715216,0,0.0149600907715216,1.35561129337944,1.19075659135348
"527",2017-02-10,0,0,0,0,1.35561129337944,1.19075659135348
"528",2017-02-17,0,0,0,0,1.35561129337944,1.19075659135348
"529",2017-02-24,0,0,0,0,1.35561129337944,1.19075659135348
"530",2017-03-03,0,0,0,0,1.35561129337944,1.19075659135348
"531",2017-03-10,0,0,0,0,1.35561129337944,1.19075659135348
"532",2017-03-17,0,0,0,0,1.35561129337944,1.19075659135348
"533",2017-03-24,0,0,0,0,1.35561129337944,1.19075659135348
"534",2017-03-31,0,0,0,0,1.35561129337944,1.19075659135348
"535",2017-04-07,0,0,0,0,1.35561129337944,1.19075659135348
"536",2017-04-14,1,0.00136642582921882,0.00136642582921882,0,1.3574636356651,1.19075659135348
"537",2017-04-21,1,-0.00289270950525939,-0.00289270950525939,0,1.35353688770317,1.19075659135348
"538",2017-04-28,1,-0.00530996919998451,-0.00530996919998451,0,1.34634964851842,1.19075659135348
"539",2017-05-05,1,0.00297531745450657,0.00297531745450657,0,1.35035546612752,1.19075659135348
"540",2017-05-12,1,-0.00547067705573076,-0.00547067705573076,0,1.3429681074619,1.19075659135348
"541",2017-05-19,1,-0.00143888323392134,-0.00143888323392134,0,1.34103573316838,1.19075659135348
"542",2017-05-26,1,0.00489059896162114,0.00489059896162114,0,1.34759420113251,1.19075659135348
"543",2017-06-02,1,-0.00432325656447586,-0.00432325656447586,0,1.34176820565622,1.19075659135348
"544",2017-06-09,1,0.0120273003391746,0.0120273003391746,0,1.3579060548512,1.19075659135348
"545",2017-06-16,1,0.0100821919406964,0.0100821919406964,0,1.37159672433364,1.19075659135348
"546",2017-06-23,0,0,0,0,1.37159672433364,1.19075659135348
"547",2017-06-30,0,0,0,0,1.37159672433364,1.19075659135348
"548",2017-07-07,0,0,0,0,1.37159672433364,1.19075659135348
"549",2017-07-14,0,0,0,0,1.37159672433364,1.19075659135348
"550",2017-07-21,0,0,0,0,1.37159672433364,1.19075659135348
"551",2017-07-28,0,0,0,0,1.37159672433364,1.19075659135348
"552",2017-08-04,0,0,0,0,1.37159672433364,1.19075659135348
"553",2017-08-11,0,0,0,0,1.37159672433364,1.19075659135348
"554",2017-08-18,0,0,0,0,1.37159672433364,1.19075659135348
"555",2017-08-25,0,0,0,0,1.37159672433364,1.19075659135348
"556",2017-09-01,0,0,0,0,1.37159672433364,1.19075659135348
"557",2017-09-08,0,0,0,0,1.37159672433364,1.19075659135348
"558",2017-09-15,0,0,0,0,1.37159672433364,1.19075659135348
"559",2017-09-22,0,0,0,0,1.37159672433364,1.19075659135348
"560",2017-09-29,0,0,0,0,1.37159672433364,1.19075659135348
"561",2017-10-06,0,0,0,0,1.37159672433364,1.19075659135348
"562",2017-10-13,0,0,0,0,1.37159672433364,1.19075659135348
"563",2017-10-20,0,0,0,0,1.37159672433364,1.19075659135348
"564",2017-10-27,0,0,0,0,1.37159672433364,1.19075659135348
"565",2017-11-03,0,0,0,0,1.37159672433364,1.19075659135348
"566",2017-11-10,0,0,0,0,1.37159672433364,1.19075659135348
"567",2017-11-17,0,0,0,0,1.37159672433364,1.19075659135348
"568",2017-11-24,0,0,0,0,1.37159672433364,1.19075659135348
"569",2017-12-01,1,-0.000435007831365034,-0.000435007831365034,0,1.37100006901708,1.19075659135348
"570",2017-12-08,1,-0.00160696617014141,-0.00160696617014141,0,1.36879691828691,1.19075659135348
"571",2017-12-15,1,0.0044061607810273,0.0044061607810273,0,1.37482805758546,1.19075659135348
"572",2017-12-22,0,0,0,0,1.37482805758546,1.19075659135348
"573",2017-12-29,0,0,0,0,1.37482805758546,1.19075659135348
"574",2018-01-05,0,0,0,0,1.37482805758546,1.19075659135348
"575",2018-01-12,1,0.0072886392843216,0.0072886392843216,0,1.38484868337516,1.19075659135348
"576",2018-01-19,0,0,0,0,1.38484868337516,1.19075659135348
"577",2018-01-26,0,0,0,0,1.38484868337516,1.19075659135348
"578",2018-02-02,0,0,0,0,1.38484868337516,1.19075659135348
"579",2018-02-09,0,0,0,0,1.38484868337516,1.19075659135348
"580",2018-02-16,0,0,0,0,1.38484868337516,1.19075659135348
"581",2018-02-23,0,0,0,0,1.38484868337516,1.19075659135348
"582",2018-03-02,0,0,0,0,1.38484868337516,1.19075659135348
"583",2018-03-09,0,0,0,0,1.38484868337516,1.19075659135348
"584",2018-03-16,0,0,0,0,1.38484868337516,1.19075659135348
"585",2018-03-23,0,0,0,0,1.38484868337516,1.19075659135348
"586",2018-03-30,0,0,0,0,1.38484868337516,1.19075659135348
"587",2018-04-06,0,0,0,0,1.38484868337516,1.19075659135348
"588",2018-04-13,0,0,0,0,1.38484868337516,1.19075659135348
"589",2018-04-20,0,0,0,0,1.38484868337516,1.19075659135348
"590",2018-04-27,0,0,0,0,1.38484868337516,1.19075659135348
"591",2018-05-04,0,0,0,0,1.38484868337516,1.19075659135348
"592",2018-05-11,0,0,0,0,1.38484868337516,1.19075659135348
"593",2018-05-18,0,0,0,0,1.38484868337516,1.19075659135348
"594",2018-05-25,0,0,0,0,1.38484868337516,1.19075659135348
"595",2018-06-01,0,0,0,0,1.38484868337516,1.19075659135348
"596",2018-06-08,0,0,0,0,1.38484868337516,1.19075659135348
"597",2018-06-15,0,0,0,0,1.38484868337516,1.19075659135348
"598",2018-06-22,0,0,0,0,1.38484868337516,1.19075659135348
"599",2018-06-29,0,0,0,0,1.38484868337516,1.19075659135348
"600",2018-07-06,0,0,0,0,1.38484868337516,1.19075659135348
"601",2018-07-13,0,0,0,0,1.38484868337516,1.19075659135348
"602",2018-07-20,0,0,0,0,1.38484868337516,1.19075659135348
"603",2018-07-27,0,0,0,0,1.38484868337516,1.19075659135348
"604",2018-08-03,0,0,0,0,1.38484868337516,1.19075659135348
"605",2018-08-10,0,0,0,0,1.38484868337516,1.19075659135348
"606",2018-08-17,0,0,0,0,1.38484868337516,1.19075659135348
"607",2018-08-24,0,0,0,0,1.38484868337516,1.19075659135348
"608",2018-08-31,0,0,0,0,1.38484868337516,1.19075659135348
"609",2018-09-07,0,0,0,0,1.38484868337516,1.19075659135348
"610",2018-09-14,0,0,0,0,1.38484868337516,1.19075659135348
"611",2018-09-21,0,0,0,0,1.38484868337516,1.19075659135348
"612",2018-09-28,-1,0.00105441510269748,0,0.00105441510269748,1.38484868337516,1.19201214308704
"613",2018-10-05,0,0,0,0,1.38484868337516,1.19201214308704
"614",2018-10-12,-1,0.00284720785373852,0,0.00284720785373852,1.38484868337516,1.19540604942259
"615",2018-10-19,-1,-0.000891410968022125,0,-0.000891410968022125,1.38484868337516,1.19434045135889
"616",2018-10-26,-1,0.00900472057282724,0,0.00900472057282724,1.38484868337516,1.20509515339221
"617",2018-11-02,0,0,0,0,1.38484868337516,1.20509515339221
"618",2018-11-09,0,0,0,0,1.38484868337516,1.20509515339221
"619",2018-11-16,0,0,0,0,1.38484868337516,1.20509515339221
"620",2018-11-23,0,0,0,0,1.38484868337516,1.20509515339221
"621",2018-11-30,0,0,0,0,1.38484868337516,1.20509515339221
"622",2018-12-07,0,0,0,0,1.38484868337516,1.20509515339221
"623",2018-12-14,0,0,0,0,1.38484868337516,1.20509515339221
"624",2018-12-21,0,0,0,0,1.38484868337516,1.20509515339221
"625",2018-12-28,0,0,0,0,1.38484868337516,1.20509515339221
"626",2019-01-04,1,0.00369862150311769,0.00369862150311769,0,1.38997071449406,1.20509515339221
"627",2019-01-11,1,0.0178258141322118,0.0178258141322118,0,1.41474807409985,1.20509515339221
"628",2019-01-18,0,0,0,0,1.41474807409985,1.20509515339221
"629",2019-01-25,0,0,0,0,1.41474807409985,1.20509515339221
"630",2019-02-01,0,0,0,0,1.41474807409985,1.20509515339221
"631",2019-02-08,0,0,0,0,1.41474807409985,1.20509515339221
"632",2019-02-15,0,0,0,0,1.41474807409985,1.20509515339221
"633",2019-02-22,0,0,0,0,1.41474807409985,1.20509515339221
"634",2019-03-01,0,0,0,0,1.41474807409985,1.20509515339221
"635",2019-03-08,0,0,0,0,1.41474807409985,1.20509515339221
"636",2019-03-15,0,0,0,0,1.41474807409985,1.20509515339221
"637",2019-03-22,1,-0.000743777270243873,-0.000743777270243873,0,1.41369581663921,1.20509515339221
"638",2019-03-29,1,0.00716502663918225,0.00716502663918225,0,1.42382498482513,1.20509515339221
"639",2019-04-05,0,0,0,0,1.42382498482513,1.20509515339221
"640",2019-04-12,1,0.00555917513868857,0.00555917513868857,0,1.43174027728261,1.20509515339221
"641",2019-04-19,0,0,0,0,1.43174027728261,1.20509515339221
"642",2019-04-26,0,0,0,0,1.43174027728261,1.20509515339221
"643",2019-05-03,0,0,0,0,1.43174027728261,1.20509515339221
"644",2019-05-10,1,0.00973292035143649,0.00973292035143649,0,1.44567529136535,1.20509515339221
"645",2019-05-17,0,0,0,0,1.44567529136535,1.20509515339221
"646",2019-05-24,0,0,0,0,1.44567529136535,1.20509515339221
"647",2019-05-31,0,0,0,0,1.44567529136535,1.20509515339221
"648",2019-06-07,0,0,0,0,1.44567529136535,1.20509515339221
"649",2019-06-14,0,0,0,0,1.44567529136535,1.20509515339221
"650",2019-06-21,0,0,0,0,1.44567529136535,1.20509515339221
"651",2019-06-28,1,0.00412019163513118,0.00412019163513118,0,1.45163175060795,1.20509515339221
"652",2019-07-05,0,0,0,0,1.45163175060795,1.20509515339221
"653",2019-07-12,0,0,0,0,1.45163175060795,1.20509515339221
"654",2019-07-19,0,0,0,0,1.45163175060795,1.20509515339221
"655",2019-07-26,0,0,0,0,1.45163175060795,1.20509515339221
"656",2019-08-02,0,0,0,0,1.45163175060795,1.20509515339221
"657",2019-08-09,0,0,0,0,1.45163175060795,1.20509515339221
"658",2019-08-16,-1,0.00144639866758854,0,0.00144639866758854,1.45163175060795,1.20683820141639
"659",2019-08-23,0,0,0,0,1.45163175060795,1.20683820141639
"660",2019-08-30,-1,0.00337088685218611,0,0.00337088685218611,1.45163175060795,1.21090631644226
"661",2019-09-06,0,0,0,0,1.45163175060795,1.21090631644226
"662",2019-09-13,-1,0.00611220934220232,0,0.00611220934220232,1.45163175060795,1.21830762934215
"663",2019-09-20,0,0,0,0,1.45163175060795,1.21830762934215
"664",2019-09-27,0,0,0,0,1.45163175060795,1.21830762934215
"665",2019-10-04,0,0,0,0,1.45163175060795,1.21830762934215
"666",2019-10-11,0,0,0,0,1.45163175060795,1.21830762934215
"667",2019-10-18,0,0,0,0,1.45163175060795,1.21830762934215
"668",2019-10-25,1,-0.00366468807509797,-0.00366468807509797,0,1.44631197304206,1.21830762934215
"669",2019-11-01,1,0.00145655637426092,0.00145655637426092,0,1.44841860796557,1.21830762934215
"670",2019-11-08,1,0.00501063399874417,0.00501063399874417,0,1.45567610348705,1.21830762934215
"671",2019-11-15,1,-0.000696490216650295,-0.000696490216650295,0,1.45466223932236,1.21830762934215
"672",2019-11-22,1,0.0013831225945141,0.0013831225945141,0,1.45667421553296,1.21830762934215
"673",2019-11-29,0,0,0,0,1.45667421553296,1.21830762934215
"674",2019-12-06,0,0,0,0,1.45667421553296,1.21830762934215
"675",2019-12-13,1,-0.00483906054108593,-0.00483906054108593,0,1.44962528081535,1.21830762934215
"676",2019-12-20,1,0.00790642035597502,0.00790642035597502,0,1.46108662764413,1.21830762934215
"677",2019-12-27,1,0.00917935820309579,0.00917935820309579,0,1.47449846516503,1.21830762934215
"678",2020-01-03,0,0,0,0,1.47449846516503,1.21830762934215
"679",2020-01-10,1,-0.00899830885344713,-0.00899830885344713,0,1.46123047257154,1.21830762934215
"680",2020-01-17,1,-0.000265926137864217,-0.000265926137864217,0,1.46084189319544,1.21830762934215
"681",2020-01-24,1,-0.0051045598658127,-0.0051045598658127,0,1.45338493829713,1.21830762934215
"682",2020-01-31,1,-0.00960034282376018,-0.00960034282376018,0,1.43943194463459,1.21830762934215
"683",2020-02-07,1,0.0153821386308292,0.0153821386308292,0,1.46157348635661,1.21830762934215
"684",2020-02-14,0,0,0,0,1.46157348635661,1.21830762934215
"685",2020-02-21,0,0,0,0,1.46157348635661,1.21830762934215
"686",2020-02-28,0,0,0,0,1.46157348635661,1.21830762934215
"687",2020-03-06,1,0.0173332207214299,0.0173332207214299,0,1.48690726219621,1.21830762934215
"688",2020-03-13,1,-0.017659220701485,-0.017659220701485,0,1.46064963869045,1.21830762934215
"689",2020-03-20,1,-0.00555814287297279,-0.00555814287297279,0,1.45253113931125,1.21830762934215
"690",2020-03-27,1,0.00361682387641688,0.00361682387641688,0,1.45778468861715,1.21830762934215
"691",2020-04-03,1,0.000905189811516872,0.000905189811516872,0,1.45910426046467,1.21830762934215
"692",2020-04-10,1,0.0192143269645667,0.0192143269645667,0,1.48713996680064,1.21830762934215
"693",2020-04-17,1,0.00575561087958245,0.00575561087958245,0,1.49569936577301,1.21830762934215
"694",2020-04-24,0,0,0,0,1.49569936577301,1.21830762934215
"695",2020-05-01,0,0,0,0,1.49569936577301,1.21830762934215
"696",2020-05-08,0,0,0,0,1.49569936577301,1.21830762934215
"697",2020-05-15,0,0,0,0,1.49569936577301,1.21830762934215
"698",2020-05-22,-1,-0.0128052658603872,0,-0.0128052658603872,1.49569936577301,1.20270687624869
"699",2020-05-29,-1,-0.00242029797250485,0,-0.00242029797250485,1.49569936577301,1.19979596723458
"700",2020-06-05,-1,-0.0206287155549388,0,-0.0206287155549388,1.49569936577301,1.17504571750254
"701",2020-06-12,-1,0.00406682588238826,0,0.00406682588238826,1.49569936577301,1.17982442383947
"702",2020-06-19,-1,-0.00420441893660685,0,-0.00420441893660685,1.49569936577301,1.17486394769001
"703",2020-06-26,-1,0.00640838760654587,0,0.00640838760654587,1.49569936577301,1.18239293125176
"704",2020-07-03,-1,0.00322493919893609,0,0.00322493919893609,1.49569936577301,1.1862060765643
"705",2020-07-10,-1,-0.00255206484923417,0,-0.00255206484923417,1.49569936577301,1.18317880173235
"706",2020-07-17,-1,0.00136368467458068,0,0.00136368467458068,1.49569936577301,1.18479228453156
"707",2020-07-24,-1,-0.000106974698125552,0,-0.000106974698125552,1.49569936577301,1.18466554173458
"708",2020-07-31,-1,-0.00411025400723133,0,-0.00411025400723133,1.49569936577301,1.17979626544444
"709",2020-08-07,-1,-0.00324557482146165,0,-0.00324557482146165,1.49569936577301,1.17596714839086
"710",2020-08-14,-1,-0.00016057017805722,0,-0.00016057017805722,1.49569936577301,1.17577832313645
"711",2020-08-21,-1,0.00434996400330045,0,0.00434996400330045,1.49569936577301,1.18089291651796
"712",2020-08-28,-1,0.00445271130059307,0,0.00445271130059307,1.49569936577301,1.18615109175213
"713",2020-09-04,-1,0.00188948757963901,0,0.00188948757963901,1.49569936577301,1.18839230950757
"714",2020-09-11,-1,-0.011066694557652,0,-0.011066694557652,1.49569936577301,1.17524073480358
"715",2020-09-18,-1,0.00425364311512838,0,0.00425364311512838,1.49569936577301,1.1802397894638
"716",2020-09-25,-1,0.0167872920472396,0,0.0167872920472396,1.49569936577301,1.2000528194953
"717",2020-10-02,-1,0.00213779979106079,0,0.00213779979106079,1.49569936577301,1.20261829216208
"718",2020-10-09,0,0,0,0,1.49569936577301,1.20261829216208
"719",2020-10-16,-1,0.0096655618852734,0,0.0096655618852734,1.49569936577301,1.21424227368933
"720",2020-10-23,0,0,0,0,1.49569936577301,1.21424227368933
"721",2020-10-30,0,0,0,0,1.49569936577301,1.21424227368933
"722",2020-11-06,0,0,0,0,1.49569936577301,1.21424227368933
"723",2020-11-13,-1,-0.0100534896187707,0,-0.0100534896187707,1.49569936577301,1.20203490159613
"724",2020-11-20,-1,0.00391442750639415,0,0.00391442750639415,1.49569936577301,1.20674018007858
"725",2020-11-27,-1,-0.00258830851162694,0,-0.00258830851162694,1.49569936577301,1.20361676419916
"726",2020-12-04,-1,-0.000752883401836814,0,-0.000752883401836814,1.49569936577301,1.20271058111522
"727",2020-12-11,-1,-0.0122723183913175,0,-0.0122723183913175,1.49569936577301,1.18795053393117
"728",2020-12-18,-1,-0.000443800105438237,0,-0.000443800105438237,1.49569936577301,1.18742332135896
"729",2020-12-25,-1,0.0045411340614234,0,0.0045411340614234,1.49569936577301,1.19281556984891
"730",2021-01-01,-1,0.000553915308404343,0,0.000553915308404343,1.49569936577301,1.19347628865315
"731",2021-01-08,-1,-0.0121294874521843,0,-0.0121294874521843,1.49569936577301,1.17900003298545
"732",2021-01-15,-1,0.00484416690160465,0,0.00484416690160465,1.49569936577301,1.18471130592223
"733",2021-01-22,-1,0.00122175337857033,0,0.00122175337857033,1.49569936577301,1.18615873096287
"734",2021-01-29,-1,0.00135819293092659,0,0.00135819293092659,1.49569936577301,1.18776976336622
"735",2021-02-05,-1,-0.00272636162739136,0,-0.00272636162739136,1.49569936577301,1.1845314734612
"736",2021-02-12,-1,0.00190987210300725,0,0.00190987210300725,1.49569936577301,1.1867937770775
"737",2021-02-19,-1,-0.00520494871352835,0,-0.00520494871352835,1.49569936577301,1.18061657633428
"738",2021-02-26,-1,-0.00435188886966126,0,-0.00435188886966126,1.49569936577301,1.17547866419639
"739",2021-03-05,-1,0.00269194391798158,0,0.00269194391798158,1.49569936577301,1.17864298683719
"740",2021-03-12,-1,-0.000636937023548147,0,-0.000636937023548147,1.49569936577301,1.17789226548133
"741",2021-03-19,-1,0.00605842040250652,0,0.00605842040250652,1.49569936577301,1.18502843201448
"742",2021-03-26,-1,0.00963566775999405,0,0.00963566775999405,1.49569936577301,1.19644697227152
"743",2021-04-02,-1,-0.00412254062556017,0,-0.00412254062556017,1.49569936577301,1.191514571022
"744",2021-04-09,-1,-0.00828656528650715,0,-0.00828656528650715,1.49569936577301,1.1816410077394
"745",2021-04-16,-1,-0.00389894354404918,0,-0.00389894354404918,1.49569936577301,1.17703385616089
"746",2021-04-23,-1,0.00387128376838857,0,0.00387128376838857,1.49569936577301,1.18159048822309
"747",2021-04-30,-1,0.000214891990196466,0,0.000214891990196466,1.49569936577301,1.1818444025547
"748",2021-05-07,-1,0.0029311154626641,0,0.0029311154626641,1.49569936577301,1.18530852495749
"749",2021-05-14,-1,0.000734839529851667,0,0.000734839529851667,1.49569936577301,1.1861795365167
"750",2021-05-21,-1,0.00937135219428388,0,0.00937135219428388,1.49569936577301,1.19729564271905
"751",2021-05-28,-1,0.00942952955315758,0,0.00942952955315758,1.49569936577301,1.20858557736594
"752",2021-06-04,0,0,0,0,1.49569936577301,1.20858557736594
"753",2021-06-11,0,0,0,0,1.49569936577301,1.20858557736594
"754",2021-06-18,-1,4.90053365778623e-05,0,4.90053365778623e-05,1.49569936577301,1.20864480450894
"755",2021-06-25,-1,-0.00394185371063951,0,-0.00394185371063951,1.49569936577301,1.20388050350144
"756",2021-07-02,-1,0.00448908144412713,0,0.00448908144412713,1.49569936577301,1.20928482113066
"757",2021-07-09,-1,0.00550094478930149,0,0.00550094478930149,1.49569936577301,1.21593703016624
"758",2021-07-16,0,0,0,0,1.49569936577301,1.21593703016624
"759",2021-07-23,0,0,0,0,1.49569936577301,1.21593703016624
"760",2021-07-30,0,0,0,0,1.49569936577301,1.21593703016624
"761",2021-08-06,0,0,0,0,1.49569936577301,1.21593703016624
"762",2021-08-13,0,0,0,0,1.49569936577301,1.21593703016624
"763",2021-08-20,0,0,0,0,1.49569936577301,1.21593703016624
"764",2021-08-27,0,0,0,0,1.49569936577301,1.21593703016624
"765",2021-09-03,0,0,0,0,1.49569936577301,1.21593703016624
"766",2021-09-10,0,0,0,0,1.49569936577301,1.21593703016624
"767",2021-09-17,0,0,0,0,1.49569936577301,1.21593703016624
"768",2021-09-24,0,0,0,0,1.49569936577301,1.21593703016624
"769",2021-10-01,0,0,0,0,1.49569936577301,1.21593703016624
"770",2021-10-08,0,0,0,0,1.49569936577301,1.21593703016624
"771",2021-10-15,0,0,0,0,1.49569936577301,1.21593703016624
"772",2021-10-22,0,0,0,0,1.49569936577301,1.21593703016624
"773",2021-10-29,0,0,0,0,1.49569936577301,1.21593703016624
"774",2021-11-05,-1,0.0156058872821432,0,0.0156058872821432,1.49569936577301,1.23491280640119
"775",2021-11-12,0,0,0,0,1.49569936577301,1.23491280640119
"776",2021-11-19,0,0,0,0,1.49569936577301,1.23491280640119
"777",2021-11-26,0,0,0,0,1.49569936577301,1.23491280640119
"778",2021-12-03,0,0,0,0,1.49569936577301,1.23491280640119
"779",2021-12-10,0,0,0,0,1.49569936577301,1.23491280640119
"780",2021-12-17,0,0,0,0,1.49569936577301,1.23491280640119
"781",2021-12-24,0,0,0,0,1.49569936577301,1.23491280640119
"782",2021-12-31,0,0,0,0,1.49569936577301,1.23491280640119
"783",2022-01-07,0,0,0,0,1.49569936577301,1.23491280640119
"784",2022-01-14,0,0,0,0,1.49569936577301,1.23491280640119
"785",2022-01-21,0,0,0,0,1.49569936577301,1.23491280640119
"786",2022-01-28,0,0,0,0,1.49569936577301,1.23491280640119
"787",2022-02-04,0,0,0,0,1.49569936577301,1.23491280640119
"788",2022-02-11,0,0,0,0,1.49569936577301,1.23491280640119
"789",2022-02-18,0,0,0,0,1.49569936577301,1.23491280640119
"790",2022-02-25,0,0,0,0,1.49569936577301,1.23491280640119
"791",2022-03-04,-1,-0.0272797409701785,0,-0.0272797409701785,1.49569936577301,1.20122470492181
"792",2022-03-11,-1,0.00253434600986575,0,0.00253434600986575,1.49569936577301,1.20426902395968
"793",2022-03-18,-1,0.00108518363806345,0,0.00108518363806345,1.49569936577301,1.20557587700031
"794",2022-03-25,-1,-0.0130228603917965,0,-0.0130228603917965,1.49569936577301,1.18987583066242
"795",2022-04-01,-1,0.000935774040597014,0,0.000935774040597014,1.49569936577301,1.19098928557629
"796",2022-04-08,-1,-0.00161315581562506,0,-0.00161315581562506,1.49569936577301,1.18906803428391
"797",2022-04-15,-1,0.00503717703872822,0,0.00503717703872822,1.49569936577301,1.19505758048369
"798",2022-04-22,-1,0.00691047935813311,0,0.00691047935813311,1.49569936577301,1.20331600122541
"799",2022-04-29,-1,0.0101665807919076,0,0.0101665807919076,1.49569936577301,1.21554961057006
"800",2022-05-06,-1,-0.00733305894854931,0,-0.00733305894854931,1.49569936577301,1.20663591362086
"801",2022-05-13,-1,0.0134727922477534,0,0.0134727922477534,1.49569936577301,1.22289266860376
"802",2022-05-20,-1,-0.00707103525688831,0,-0.00707103525688831,1.49569936577301,1.21424555142867
"803",2022-05-27,-1,-0.000812095415892487,0,-0.000812095415892487,1.49569936577301,1.21325946818259
"804",2022-06-03,-1,-0.0140891271876879,0,-0.0140891271876879,1.49569936577301,1.19616570122369
"805",2022-06-10,-1,0.00124778600445481,0,0.00124778600445481,1.49569936577301,1.19765826004469
"806",2022-06-17,-1,0.0115954083770351,0,0.0115954083770351,1.49569936577301,1.21154559666604
"807",2022-06-24,-1,0.00116407676668821,0,0.00116407676668821,1.49569936577301,1.2129559287469
"808",2022-07-01,-1,-0.00146879094719284,0,-0.00146879094719284,1.49569936577301,1.21117435005941
"809",2022-07-08,-1,-0.00239543824253269,0,-0.00239543824253269,1.49569936577301,1.20827305670291
"810",2022-07-15,-1,0.00399470170477108,0,0.00399470170477108,1.49569936577301,1.21309974714235
"811",2022-07-22,-1,-6.72822407677038e-05,0,-6.72822407677038e-05,1.49569936577301,1.21301812707308
"812",2022-07-29,-1,0.0122097921057246,0,0.0122097921057246,1.49569936577301,1.22782882622512
"813",2022-08-05,0,0,0,0,1.49569936577301,1.22782882622512
"814",2022-08-12,-1,-0.0149939615436379,0,-0.0149939615436379,1.49569936577301,1.20941880802253
"815",2022-08-19,-1,0.00520581108026564,0,0.00520581108026564,1.49569936577301,1.21571481385402
"816",2022-08-26,-1,-0.000610846496186648,0,-0.000610846496186648,1.49569936577301,1.21497219871961
"817",2022-09-02,-1,0.00364829457511929,0,0.00364829457511929,1.49569936577301,1.21940477520112
"818",2022-09-09,-1,-0.0084163208200026,0,-0.0084163208200026,1.49569936577301,1.20914187340359
"819",2022-09-16,-1,0.0134543155253349,0,0.0134543155253349,1.49569936577301,1.22541004968325
"820",2022-09-23,-1,-0.00751211207709874,0,-0.00751211207709874,1.49569936577301,1.21620463204963
"821",2022-09-30,-1,0.00920141505929164,0,0.00920141505929164,1.49569936577301,1.22739543566615
"822",2022-10-07,-1,-0.00917012302840212,0,-0.00917012302840212,1.49569936577301,1.21614006851659
"823",2022-10-14,-1,0.0315269583820655,0,0.0315269583820655,1.49569936577301,1.25448126584348
"824",2022-10-21,0,0,0,0,1.49569936577301,1.25448126584348
"825",2022-10-28,0,0,0,0,1.49569936577301,1.25448126584348
"826",2022-11-04,0,0,0,0,1.49569936577301,1.25448126584348
"827",2022-11-11,0,0,0,0,1.49569936577301,1.25448126584348
"828",2022-11-18,0,0,0,0,1.49569936577301,1.25448126584348
"829",2022-11-25,0,0,0,0,1.49569936577301,1.25448126584348
"830",2022-12-02,0,0,0,0,1.49569936577301,1.25448126584348
"831",2022-12-09,0,0,0,0,1.49569936577301,1.25448126584348
"832",2022-12-16,0,0,0,0,1.49569936577301,1.25448126584348
"833",2022-12-23,0,0,0,0,1.49569936577301,1.25448126584348
"834",2022-12-30,0,0,0,0,1.49569936577301,1.25448126584348
"835",2023-01-06,0,0,0,0,1.49569936577301,1.25448126584348
"836",2023-01-13,0,0,0,0,1.49569936577301,1.25448126584348
"837",2023-01-20,0,0,0,0,1.49569936577301,1.25448126584348
"838",2023-01-27,0,0,0,0,1.49569936577301,1.25448126584348
"839",2023-02-03,0,0,0,0,1.49569936577301,1.25448126584348
"840",2023-02-10,0,0,0,0,1.49569936577301,1.25448126584348
"841",2023-02-17,0,0,0,0,1.49569936577301,1.25448126584348
"842",2023-02-24,0,0,0,0,1.49569936577301,1.25448126584348
"843",2023-03-03,0,0,0,0,1.49569936577301,1.25448126584348
"844",2023-03-10,0,0,0,0,1.49569936577301,1.25448126584348
"845",2023-03-17,1,0.0123799840287749,0.0123799840287749,0,1.51421610003313,1.25448126584348
"846",2023-03-24,0,0,0,0,1.51421610003313,1.25448126584348
"847",2023-03-31,1,0.00363776122695147,0.00363776122695147,0,1.51972445665106,1.25448126584348
"848",2023-04-07,0,0,0,0,1.51972445665106,1.25448126584348
"849",2023-04-14,0,0,0,0,1.51972445665106,1.25448126584348
"850",2023-04-21,0,0,0,0,1.51972445665106,1.25448126584348
"851",2023-04-28,0,0,0,0,1.51972445665106,1.25448126584348
"852",2023-05-05,0,0,0,0,1.51972445665106,1.25448126584348
"853",2023-05-12,0,0,0,0,1.51972445665106,1.25448126584348
"854",2023-05-19,0,0,0,0,1.51972445665106,1.25448126584348
"855",2023-05-26,0,0,0,0,1.51972445665106,1.25448126584348
"856",2023-06-02,1,0.00378193388824459,0.00378193388824459,0,1.52547195407446,1.25448126584348
"857",2023-06-09,0,0,0,0,1.52547195407446,1.25448126584348
"858",2023-06-16,0,0,0,0,1.52547195407446,1.25448126584348
"859",2023-06-23,0,0,0,0,1.52547195407446,1.25448126584348
"860",2023-06-30,1,-0.00291325286936818,-0.00291325286936818,0,1.52102786852711,1.25448126584348
"861",2023-07-07,1,0.00230737624937171,0.00230737624937171,0,1.52453745210559,1.25448126584348
"862",2023-07-14,1,-0.00345369837456511,-0.00345369837456511,0,1.51927215958529,1.25448126584348
"863",2023-07-21,1,0.00159584914767082,0.00159584914767082,0,1.52169668876624,1.25448126584348
"864",2023-07-28,1,-0.000711121873574424,-0.000711121873574424,0,1.52061457696591,1.25448126584348
"865",2023-08-04,1,-0.00221356954406388,-0.00221356954406388,0,1.51724859085008,1.25448126584348
"866",2023-08-11,1,0.00457199000664759,0.00457199000664759,0,1.52418543624505,1.25448126584348
"867",2023-08-18,1,-0.00918984012888567,-0.00918984012888567,0,1.51017841575918,1.25448126584348
"868",2023-08-25,1,-0.00283712553706758,-0.00283712553706758,0,1.5058938500103,1.25448126584348
"869",2023-09-01,1,0.00419859279387311,0.00419859279387311,0,1.51221648507729,1.25448126584348
"870",2023-09-08,1,-0.0016533551219999,-0.0016533551219999,0,1.50971625420612,1.25448126584348
"871",2023-09-15,1,0.00454243946103819,0.00454243946103819,0,1.51657404889419,1.25448126584348
"872",2023-09-22,1,0.00184355561588905,0.00184355561588905,0,1.51936993749894,1.25448126584348
"873",2023-09-29,1,-0.000963806540831001,-0.000963806540831001,0,1.51790555881524,1.25448126584348
"874",2023-10-06,1,-0.0128082121217099,-0.0128082121217099,0,1.49846390243721,1.25448126584348
"875",2023-10-13,1,0.00309789700038512,0.00309789700038512,0,1.50310598926576,1.25448126584348
"876",2023-10-20,1,-0.000620353142257526,-0.000620353142257526,0,1.50217353274217,1.25448126584348
"877",2023-10-27,1,0.00413793015456875,0.00413793015456875,0,1.5083894219007,1.25448126584348
"878",2023-11-03,1,0.00831755520874996,0.00831755520874996,0,1.52093553419365,1.25448126584348
"879",2023-11-10,1,-0.00706949955486814,-0.00706949955486814,0,1.51018328111169,1.25448126584348
"880",2023-11-17,1,0.00763968627806314,0.00763968627806314,0,1.52172060760176,1.25448126584348
"881",2023-11-24,1,0.00108908011326789,0.00108908011326789,0,1.52337788325345,1.25448126584348
"882",2023-12-01,1,0.00205085319005085,0.00205085319005085,0,1.52650210764497,1.25448126584348
"883",2023-12-08,1,-0.00492284122889071,-0.00492284122889071,0,1.51898738013347,1.25448126584348
"884",2023-12-15,1,0.0022088256018537,0.0022088256018537,0,1.5223425583476,1.25448126584348
"885",2023-12-22,1,0.00821114149523931,0.00821114149523931,0,1.53484272849841,1.25448126584348
"886",2023-12-29,0,0,0,0,1.53484272849841,1.25448126584348
"887",2024-01-05,0,0,0,0,1.53484272849841,1.25448126584348
"888",2024-01-12,0,0,0,0,1.53484272849841,1.25448126584348
"889",2024-01-19,1,-0.000565809471415138,-0.000565809471415138,0,1.5339742999455,1.25448126584348
"890",2024-01-26,1,-0.00329746399004775,-0.00329746399004775,0,1.52891607492977,1.25448126584348
"891",2024-02-02,1,-0.00201835422070542,-0.00201835422070542,0,1.52583018071683,1.25448126584348
"892",2024-02-09,1,-0.00363074884573009,-0.00363074884573009,0,1.52029027454941,1.25448126584348
"893",2024-02-16,1,0.00181289634269653,0.00181289634269653,0,1.52304640322798,1.25448126584348
"894",2024-02-23,1,-0.00157294655817057,-0.00157294655817057,0,1.52065073263009,1.25448126584348
"895",2024-03-01,1,0.000385886704807028,0.000385886704807028,0,1.52123753153047,1.25448126584348
"896",2024-03-08,1,0.00043644863399712,0.00043644863399712,0,1.52190147357309,1.25448126584348
"897",2024-03-15,1,-0.000860197294085065,-0.000860197294085065,0,1.52059233804366,1.25448126584348
"898",2024-03-22,1,0.00654017134141559,0.00654017134141559,0,1.5305372724749,1.25448126584348
"899",2024-03-29,1,-0.00113650080723762,-0.00113650080723762,0,1.52879781562923,1.25448126584348
"900",2024-04-05,1,0.00258880475638719,0.00258880475638719,0,1.53275557468588,1.25448126584348
"901",2024-04-12,1,0.00408420305236805,0.00408420305236805,0,1.53901565968255,1.25448126584348
"902",2024-04-19,1,-0.0059507785730186,-0.0059507785730186,0,1.52985731827137,1.25448126584348
"903",2024-04-26,1,0.0145111520759388,0.0145111520759388,0,1.5520573104713,1.25448126584348
"904",2024-05-03,0,0,0,0,1.5520573104713,1.25448126584348
"905",2024-05-10,1,0.00975581137160472,0.00975581137160472,0,1.56719888883017,1.25448126584348
"906",2024-05-17,0,0,0,0,1.56719888883017,1.25448126584348
"907",2024-05-24,0,0,0,0,1.56719888883017,1.25448126584348
"908",2024-05-31,0,0,0,0,1.56719888883017,1.25448126584348
"909",2024-06-07,0,0,0,0,1.56719888883017,1.25448126584348
"910",2024-06-14,0,0,0,0,1.56719888883017,1.25448126584348
"911",2024-06-21,0,0,0,0,1.56719888883017,1.25448126584348
"912",2024-06-28,0,0,0,0,1.56719888883017,1.25448126584348
"913",2024-07-05,0,0,0,0,1.56719888883017,1.25448126584348
"914",2024-07-12,0,0,0,0,1.56719888883017,1.25448126584348
"915",2024-07-19,0,0,0,0,1.56719888883017,1.25448126584348
"916",2024-07-26,0,0,0,0,1.56719888883017,1.25448126584348
"917",2024-08-02,1,-0.00804353994227761,-0.00804353994227761,0,1.55459306197038,1.25448126584348
"918",2024-08-09,1,0.00871950867877138,0.00871950867877138,0,1.56814834966618,1.25448126584348
"919",2024-08-16,1,0.00356557676912055,0.00356557676912055,0,1.57373970299229,1.25448126584348
"920",2024-08-23,1,0.0036407221207013,0.0036407221207013,0,1.5794692519412,1.25448126584348
"921",2024-08-30,1,0.0112666486894807,0.0112666486894807,0,1.59726457711866,1.25448126584348
"922",2024-09-06,0,0,0,0,1.59726457711866,1.25448126584348
